word,so-pmi
挺,0.031541867510677446
味道,0.029680005277646755
也,0.014891247831233714
很快,0.010687531426646359
非常,0.010684943324018786
很好,0.00831964059807885
包装,0.008137521424399751
小哥,0.007118849414581881
好,0.006280179206426869
！,0.005014336627548328
但是,0.004872587096275836
辛苦,0.004422493193023056
送货,0.004388546744132996
不太,0.004319696713858447
有点,0.004304381892648743
卷饼,0.004195341897841352
师傅,0.0036969367687301555
非常好,0.003594770257775888
~,0.003562026997297574
很好吃,0.003494347334059649
骑士,0.003404115721564049
足,0.003304888436811923
还会,0.003142210206790843
挺好,0.003134133810201331
不过,0.0030536067339426024
好评,0.0030463477805536088
就好,0.0030325306488417423
快递,0.002944540987224941
够,0.002848621603959502
感谢,0.0027426854312506657
肘子,0.002719762384991831
服务,0.002679426188102388
喜欢,0.0026713784968172044
赞,0.0026685107261809416
～,0.0026069351823631588
以前,0.0024991480145630735
干净,0.00242000034146147
还是,0.0023758216964506955
更好,0.0023642061596647105
很大,0.0023252769821142005
感觉,0.002268915756486324
棒,0.002268749905124002
实惠,0.0022577300173738614
口味,0.0022491274836156103
热,0.002215508796510317
及时,0.0022119120704634965
腻,0.0022008716997243658
半个,0.002189003460601767
谢谢,0.0021730586822886976
总体,0.0021656098044366724
煎饼,0.0021426450119252684
哦,0.0021337389314707946
下次,0.002101444169995454
一如既往,0.0020982798573218487
，赞,0.0020775603596257406
速度,0.002077158885125005
便宜,0.0020556177188499718
很不错,0.002017602103209488
推荐,0.0018998547130451076
如果,0.0018613109768343288
很满意,0.0017909264868805194
但,0.0017853669776196272
超,0.0017282327975600379
觉得,0.0017232758009118462
足，,0.0017200801105165622
大,0.0017121896496624864
饼,0.0016981724320544538
就送,0.0016740300074687602
哈哈,0.0016739798654309503
会,0.001656030767960715
百度,0.0016559189691569165
1点,0.0015566923471377046
速度快,0.0015218568797217584
百度外卖,0.0015077402093795131
蔬菜,0.0014719261453990864
手套,0.0014651643950797605
回,0.0014617509359480972
比较,0.0014547819965360087
想象,0.0014506579777800782
结果,0.0014491229086829082
油,0.0014464996452026183
方便,0.001422909547250157
给力,0.0014087278955547987
就是,0.0013799957357338798
快，,0.00136612128190661
长,0.0013521147363520143
11点,0.0013516164545287759
整体,0.001326854439771797
准时,0.0013203023133760772
不如,0.0012974038333268185
粥,0.0012898293179016205
小,0.0012529042365443496
好，,0.0012457211851754928
10点,0.0012279583606594738
下,0.0011894158584420983
值得,0.001189257005280903
送餐员,0.001136653393530762
好！,0.0011360603496897983
相当,0.0011077387110320217
很多,0.001097026269897675
小时,0.001088914906222759
卫生,0.0010760748858323317
稻香村,0.0010371353050817153
晚,0.0010242263728374688
超赞,0.0010229991548240897
早点,0.0010194350398835797
完美,0.0010123570346142097
确实,0.0010084545879009946
十点,0.0010047073265481265
最好,0.0009911735353127782
选择,0.0009875493216232496
早,0.0009557951858792201
满意,0.0009524777413430303
半小时,0.0009344825364937138
出门,0.0009238635491300969
加点,0.0009238133686094684
依然,0.0009203194252528835
^,0.0009132211928496609
哈,0.0009060728258714605
～～,0.0008955410680958072
两点,0.0008847284520833346
价格,0.0008814581396976548
，豆腐脑,0.0008742872258729706
_,0.0008672796671497724
，卷饼,0.0008388786527270733
刚,0.0008318613168199029
淡,0.0008317709768993454
花卷,0.0008176701498505616
加,0.0007998215389955878
大哥,0.000796584819174589
不贵,0.0007962949146789348
炒菜,0.000792871241506479
继续,0.0007859037880041869
一些,0.000785883725502599
炸,0.0007822992554868187
油条,0.0007787752873063439
点心,0.0007787652518723127
十二点,0.0007787251067857155
卷,0.000778676164008389
很赞,0.000768193433839608
精致,0.0007574711931220865
地,0.0007539974971817961
能,0.0007471780048650953
锡纸,0.0007468594694381142
本来,0.0007398883506870169
这家店,0.0007362579084453039
那个,0.0007359437750398075
香,0.0007328445132981999
豆腐脑,0.0007292103304078236
!,0.0007255944237152838
出,0.000722221582561139
好像,0.0007221327188111449
(,0.0007184885964571202
啦,0.0007142563759646655
很喜欢,0.0007116117248460181
几个,0.000707807079634564
常,0.0007008643902824552
懂,0.0006937860590958508
放心,0.000690272009155235
大赞,0.000686717821009734
小笼包,0.000686657603380257
最爱,0.0006796496372416164
点赞,0.0006761155657272662
薄,0.0006761055269441423
 ,0.0006761055269441422
真不错,0.0006726015836847467
味儿,0.0006725815077927741
尖椒,0.0006725513964667704
饺子,0.0006692133192518321
够了,0.0006690575005467876
，菜品,0.0006689772070253383
优惠,0.0006655438062495044
用心,0.0006655134326635216
。菜,0.0006654130665991924
加热,0.0006619191978401638
一定,0.0006548210895174709
评论,0.000644279418530321
冷天,0.000644279418530321
提前,0.000641460329337144
只是,0.0006403779343482018
贴心,0.00063369772803406
咋,0.0006229455573782208
原来,0.0006227950593223967
好好,0.000612464448954197
不用,0.0006124443730622245
减,0.0006018630492704703
其他,0.0006012446829995573
快递员,0.0005983784754871858
),0.0005946149247496455
偏,0.0005912216300905146
话,0.0005912015608958898
呀,0.0005878087424434017
中,0.0005841851871021646
容易,0.0005805144389392732
好高大上,0.0005805044001561491
足！,0.0005805044001561491
倒是,0.0005804699718235359
肘子卷饼,0.0005769802859473216
摊,0.0005769501746213179
喝,0.0005738422973151649
冒,0.0005734561836446415
口感,0.0005700495482454637
20分钟,0.0005699391718550507
之类,0.000569932096595177
老公,0.0005663879455585247
下回,0.0005663578325577035
作为,0.0005628638856676202
蛮,0.0005628036596665199
，点,0.0005593282123319574
汤包,0.0005592796133555549
尝尝,0.0005557856902760568
些,0.00055242156001502
热乎,0.0005522415952327163
棒棒哒,0.0005522114839067125
，肉,0.0005522014451235884
好。,0.0005486975120947572
食品,0.0005486975120947572
主要,0.0005486774395518776
饭，,0.0005486272556821563
上次,0.0005380967015956539
预计,0.0005349343890691929
塑料,0.0005345815463708351
换,0.0005345435677068728
还算,0.000531037531134555
很方便,0.0005274935311532442
奶茶,0.0005274935311532442
多少,0.0005239696189710843
划算,0.0005238993642327588
正宗,0.0005169017628052991
碎,0.0005168816852390511
值,0.0005168816852390511
以为,0.000516821464261319
工作,0.0005133678525828507
肉夹馍,0.0005132875557131461
拿到,0.0005061796443179987
发现,0.0005028924394224094
吃起来,0.000502716021208576
负责,0.0005026959469908789
卖家,0.0004991922057687645
可惜,0.0004955279128458518
虽然,0.0004922320954711008
活动,0.00048505692972034453
饿死,0.0004811208676938565
热情,0.0004780194769810134
酸辣土豆丝，土豆丝,0.0004778655709093986
菜，宫保鸡丁、鱼香肉丝、酱茄子、,0.0004778655709093986
知足,0.0004778655709093986
效果,0.00047433135002449396
再来,0.0004708415707704218
蔬菜卷,0.0004707971427178127
，皮蛋粥,0.00047078710393468867
笋,0.0004707871039346886
常客,0.0004707871039346886
灰,0.00046725291020731136
老字号,0.00046725291020731136
做饭,0.0004672529102073113
现场,0.00046723283431533875
路边,0.00046723283431533875
。鱼香肉丝,0.00046371873005807623
没味，,0.00046371873005807623
香，,0.00046369865416610363
11:45,0.0004601845634880639
酸味,0.0004601845634880638
！饼,0.0004601745247049398
四个,0.0004566504104961123
周到,0.0004566504104961123
夏天,0.0004566504104961123
，煎饼,0.00045665041049611227
，份,0.0004566403717129883
点菜,0.0004566403717129882
甜味,0.0004566303329298642
注意,0.00045323326431871274
保温,0.00045311627108458354
空号,0.0004531062323014594
太难吃,0.00045309619519261094
▽,0.00045309619519261094
一开始,0.0004530861564094868
披萨,0.000453005000379981
发生,0.0004495821452519952
比较好,0.0004495721064688712
开心,0.00044957210646887107
坚持,0.000449572106468871
也有,0.0004460279571064944
要求,0.00044586830809495415
猪蹄,0.0004424938584324658
，送餐,0.00044249385843246576
电梯,0.00043897984923034944
这些,0.0004389698104472253
迅速,0.00043895977333837684
家里,0.00043895977333837684
香味,0.00043895977333837684
也许,0.0004389396974464042
！赞,0.00043544577771599904
两个人,0.00043543573893287503
连续,0.00043191171978150696
正,0.00043190168099838295
试试,0.0004283475607515755
还在,0.00042483360586913037
百度外卖，,0.00042483360586913037
大概,0.0004248034928683094
专业,0.0004213096274583735
超值,0.0004212895515664009
12点,0.00041799752735466355
经常,0.00041789723491874914
两个,0.00041785400222227445
棒棒,0.0004177756238438674
合适,0.0004177756238438674
13,0.0004177655850607433
咸,0.00041449789987953645
夹,0.00041067754268252454
那种,0.0004106474313565208
鸡肉,0.0004072548541802413
怕,0.0004071435798100624
汤汁,0.0004035895579761742
购买,0.0004035694820842016
挺不错,0.00040009577070031005
美味,0.0003965618485709658
支持,0.0003965618485709658
晕,0.00039649159383264046
影响,0.0003964614925507615
出去,0.00038939367899158136
配,0.0003859099781264169
，量,0.0003837561165767055
特意,0.00037534856389418326
当,0.0003682307361399719
甜,0.00036482548990989454
吃着,0.0003646969362457835
糊,0.00036120329836805166
脆,0.00036112300484660226
错峰,0.00035751561956621667
简,0.00035751561956621667
炸藕盒,0.00035751561956621667
带好,0.00035751561956621667
券价,0.00035751561956621667
，宁,0.0003539813986813121
量足，,0.00035398139868131204
加餐,0.00035398139868131204
帽子,0.00035398139868131204
俱全,0.00035397135989818804
。凉面,0.00035397135989818804
←,0.0003504471913746308
吃肉,0.0003504371525915068
鲜嫩,0.00035043715259150675
至,0.00035043715259150675
，鸡翅,0.00035043715259150675
30多,0.00035043715259150675
偏重,0.00035043715259150675
两回,0.00035043715259150675
预订,0.00035043715259150675
丫,0.00035043715259150675
四点,0.00035043715259150675
属于,0.00035043715259150675
柳，,0.00035043715259150675
香菇鸡肉,0.0003504371525915067
好速度,0.0003504170766995342
配菜,0.0003470983852056884
真正,0.00034691299764725355
！！粥,0.00034691299764725355
关注,0.0003469129976472535
纠结,0.0003469129976472535
响,0.0003469129976472535
鲜,0.0003469129976472535
水煮肉,0.0003469129976472535
，肥肉,0.0003469029588641295
额,0.0003469029588641295
≧,0.0003469029588641295
≦,0.0003469029588641295
个头,0.0003469029588641295
毁,0.0003469029588641295
好棒,0.00034690295886412943
弄成,0.00034690295886412943
小贵,0.0003468828829721569
过节,0.0003468828829721569
宇宙卷饼,0.0003433788174980184
省事,0.0003433788174980184
陀,0.0003433788174980184
一顿,0.0003433788174980184
全家,0.00034337881749801837
土豆片,0.0003433687787148944
必,0.0003433687787148944
信号,0.0003433687787148944
妈妈,0.0003433687787148944
调味,0.0003433687787148944
无视,0.0003433687787148944
严实,0.0003433487028229218
ω,0.0003433487028229218
pizza,0.00034334870282292176
拉肚子,0.00034003098040273925
一条,0.000339844650928006
突然,0.000339844650928006
小点,0.000339834612144882
仔细,0.000339834612144882
土豆丝卷饼,0.000339834612144882
答应,0.000339834612144882
支付宝,0.00033982457336175794
光临,0.0003398145362529094
食物,0.0003364169956477564
一单,0.0003363104979360545
肉质,0.00033630045915293045
对于,0.00033630045915293045
并没有,0.00033630045915293045
朋友们,0.00033630045915293045
说说,0.00033630045915293045
两碗,0.0003363004591529304
惊喜,0.00033629042036980645
及,0.0003362904203698064
大，,0.00033278296867005633
浓,0.0003327763585245257
询问,0.0003327763585245257
外送员,0.0003327663197414016
儿子,0.0003327663197414016
黄,0.0003327663197414016
宫爆鸡丁,0.0003327663197414016
。卷饼,0.00033276631974140156
拌面,0.00033275628095827755
稠,0.00033274624384942907
下午两点,0.000332746243849429
有些,0.0003296634040288581
地道,0.0003292422326919374
2块,0.0003292422326919374
表扬,0.0003292321939088133
颜色,0.0003292321939088133
夸张,0.0003292321939088133
预期,0.00032923219390881326
早就,0.00032923219390881326
毕竟,0.00032923219390881326
主动,0.0003292221551256892
愿意,0.0003292121180168407
辣,0.0003264408302879302
酱香,0.0003257081204384091
在家,0.00032570812043840905
依旧,0.000325698081655285
肥肉，,0.000325698081655285
期待,0.000325688042872161
一颗,0.0003256780057633124
都会,0.0003256679669801884
天气,0.0003223325487432025
请,0.0003222121302205726
一定要,0.0003221740217643805
北京,0.00032216398298125654
路上,0.0003221639829812565
香菜,0.00032215394419813243
准备,0.0003221539441981324
11,0.0003221439070892839
内,0.00031863993667029147
雾霾,0.0003186298978871675
耐心,0.0003186298978871675
有礼貌,0.0003186298978871675
那样,0.0003186298978871675
袋装,0.00031861985910404346
烫,0.00031860982199519497
辣味,0.0003150958263728172
辣酱,0.0003150757504808446
蘑菇,0.0003150757504808446
清淡,0.00031502556326286823
5块,0.00031157180722144915
快！,0.00031156176843832515
撑,0.00031156176843832504
提示,0.00030802772408349016
很干净,0.0003080176853003661
晚饭,0.0003080076515406105
五星,0.00030800764819151756
而,0.0003044936933090726
爱吃,0.00030449369330907256
说明,0.00030449369330907256
不大,0.0003044836545259485
鸡柳,0.0003044836545259485
薄脆,0.0003044635819830688
看,0.00030137817992800163
普通,0.0003009596761151916
十分钟,0.0003009094888972153
神速,0.0002974256725006855
按时,0.0002974256725006855
烂,0.0002939736186316242
麻烦,0.00029389168246759536
孩子,0.00029386156779249875
靠谱,0.0002938414952496191
湿,0.0002903577060144393
送货员,0.000286823743141977
星,0.00028678359303284915
钱，,0.00028332994228582085
光顾,0.00028324964541611634
超级,0.00028058091778907965
中间,0.0002797357822482797
备注,0.00027645182462364935
小炒,0.0002761717571645551
纸袋,0.0002761717487929316
汤，,0.0002726579127876384
需要,0.0002691742016904772
忘记,0.00026913405660388003
忘,0.00026577612656597353
没想到,0.0002655700638920836
盒子,0.00026228286569152635
肚子,0.0002620361927393675
鸡,0.00025850234186552474
咬,0.00025500865133412545
选,0.0002550086496598498
有点儿,0.0002548782274959983
头发,0.0002514146049710921
油腻,0.00024438713668654684
凑合,0.00024086338915708667
！赞！水煮牛肉,0.00023716566822303489
…。,0.00023716566822303489
妹纸,0.00023716566822303489
食量,0.00023716566822303489
、白度,0.00023716566822303489
饭品,0.00023716566822303489
色拉,0.00023716566822303489
。。哈哈。。粥,0.00023716566822303489
，中号,0.00023716566822303489
周到！,0.00023716566822303489
30多一个,0.00023716566822303489
好玩,0.00023716566822303489
粥吧，,0.00023716566822303489
，物美价廉！！,0.00023716566822303489
南瓜粥。卷饼,0.00023716566822303489
酱香鸡腿卷,0.00023716566822303489
！粥,0.00023716566822303489
尖椒豆皮,0.00023716566822303489
肉末茄子,0.00023716566822303489
鲜，,0.00023716566822303489
，陷大，,0.00023716566822303489
舒,0.00023716566822303489
对来,0.00023716566822303489
重吧。,0.00023716566822303489
。馅饼,0.00023716566822303489
时餐,0.00023716566822303489
红萝卜,0.00023716566822303489
牛蛙，鱼香肉丝,0.00023716566822303489
来人,0.00023716566822303489
亲切,0.00023716566822303489
今后,0.00023716566822303489
第不,0.00023716566822303489
！煎饼,0.00023716566822303489
团购,0.00023716566822303489
好吃 ,0.00023716566822303489
，甜香，,0.00023716566822303489
糊糊,0.00023716566822303489
。貌,0.00023716566822303489
后台,0.00023716566822303489
晚上六点半,0.00023716566822303489
定下,0.00023716566822303489
，实,0.00023716566822303489
一次类,0.00023716566822303489
肚丝,0.00023716566822303489
蘑菇芝士汉堡,0.00023716566822303489
牛堡,0.00023716566822303489
不好吃～,0.00023716566822303489
口热,0.00023716566822303489
干。肉夹馍,0.00023716566822303489
馍硬。蛋炒饭,0.00023716566822303489
米量,0.00023716566822303489
，分,0.00023716566822303489
羊肉泡馍酱肉包,0.00023716566822303489
！热腾腾，,0.00023716566822303486
餐，比,0.00023716566822303486
雪,0.00023716566822303486
，然,0.00023716566822303486
，赞赞,0.00023716566822303486
下午4点半,0.00023716566822303486
阿。,0.00023716566822303486
中型,0.00023716566822303486
，挺值,0.00023716566822303486
，希望素,0.00023716566822303486
热呼呼,0.00023716566822303486
超棒！！,0.00023716566822303486
～赞\,0.00023716566822303486
。口味重！,0.00023716566822303486
。鸡块,0.00023716566822303486
干锅,0.00023716566822303486
焦香,0.00023716566822303486
，满意，,0.00023716566822303486
沙拉……,0.00023716566822303486
，牛杂,0.00023716566822303486
2样,0.00023716566822303486
第一天11:20,0.00023716566822303486
原样,0.00023716566822303486
好说,0.00023716566822303486
第二天天,0.00023716566822303486
锡铂纸包,0.00023716566822303486
12半,0.00023716566822303486
，郁闷，,0.00023716566822303486
酱香鸡腿肉,0.00023716566822303486
四五十,0.00023716566822303486
风风火火爬步行梯,0.00023716566822303486
15层,0.00023716566822303486
四十五分钟,0.00023716566822303486
凉煎饼,0.00023716566822303486
，意面,0.00023716566822303486
黑胡椒，,0.00023716566822303486
太晚，米线,0.00023716566822303486
吸水,0.00023716566822303486
膨胀,0.00023716566822303486
爪子,0.00023716566822303486
，红烧鱼块刺,0.00023716566822303486
……拌饭,0.00023716566822303486
菜……,0.00023716566822303486
……米饭,0.00023716566822303486
提速,0.00023716566822303486
太差！！！！差差差差差差差！！！！,0.00023716566822303486
正如,0.00023716566822303486
桂林米粉,0.00023716566822303486
每周,0.00023363144733813017
滴。,0.00023363144733813017
俩人,0.00023363144733813017
形状,0.00023363144733813017
多多,0.00023363144733813017
发酸,0.00023363144733813017
物美价廉,0.00023363144733813017
朴实,0.00023363144733813017
圆,0.00023363144733813017
很漂亮,0.00023363144733813017
胡椒,0.00023363144733813017
发挥,0.00023363144733813017
高量,0.00023363144733813017
，味儿,0.00023363144733813017
王老吉。,0.00023363144733813017
淡。,0.00023363144733813017
很准时,0.00023363144733813017
自然,0.00023363144733813017
不必,0.00023363144733813017
友好,0.00023363144733813017
先生,0.00023363144733813017
相同,0.00023363144733813017
结实,0.00023363144733813017
盛,0.00023363144733813017
爽，,0.00023363144733813017
问说,0.00023363144733813017
3样,0.00023363144733813017
早上9点,0.00023363144733813017
免单,0.00023363144733813017
撤,0.00023363144733813017
不通。,0.00023363144733813017
六点,0.00023363144733813017
生姜,0.00023363144733813017
方法,0.00023363144733813017
火候,0.00023363144733813017
姑娘,0.00023363144733813017
，倒,0.00023363144733813017
冰淇淋,0.00023363144733813017
夸,0.00023362140855500614
钱包,0.00023362140855500614
～面,0.00023362140855500612
汤面,0.00023362140855500612
能看到,0.00023362140855500612
多肉,0.00023362140855500612
，果汁,0.00023362140855500612
！大赞,0.00023362140855500612
碰上,0.00023362140855500612
甜酱,0.00023362140855500612
听说过,0.00023362140855500612
！口感,0.00023362140855500612
呦！,0.00023362140855500612
100分,0.00023362140855500612
类,0.00023362140855500612
可爱,0.00023362140855500612
麻辣鸡丝,0.00023362140855500612
清爽,0.00023362140855500612
一说,0.00023362140855500612
，顶,0.00023362140855500612
醋味,0.00023362140855500612
辗转,0.00023362140855500612
透湿,0.00023362140855500612
味,0.0002302621083655424
六,0.00023009724003144892
赞赞！,0.00023009724003144892
呆,0.00023009724003144892
京酱肉丝卷,0.00023009724003144892
太帅,0.00023009724003144892
，凉拌木耳,0.00023009724003144892
标,0.00023009724003144892
劲道,0.00023009724003144892
五点,0.00023009724003144892
扯,0.00023009724003144892
吧唧,0.00023009724003144892
焦,0.00023009724003144892
坦白,0.0002300972400314489
嘿嘿,0.0002300972400314489
升级,0.0002300972400314489
个别,0.0002300972400314489
极好,0.0002300972400314489
短,0.0002300972400314489
，。,0.0002300972400314489
措施,0.0002300972400314489
，炒饭,0.0002300972400314489
软软,0.0002300972400314489
显得,0.0002300972400314489
毛，,0.0002300972400314489
班,0.0002300972400314489
气人,0.0002300972400314489
一个盒,0.0002300972400314489
天真,0.00023008720124832486
20多分钟,0.00023008720124832486
可能会,0.00023008720124832486
高，,0.00023008720124832486
真好,0.00023008720124832486
肘子肉，,0.00023008720124832486
炖肉,0.00023008720124832486
想不要,0.00023008720124832486
水蒸气,0.00023008720124832486
，麻烦,0.00023008720124832486
一两,0.00023008720124832486
几份,0.00023008720124832486
下午2点,0.00023008720124832486
中暑,0.00023008720124832486
年,0.00023008720124832486
创意,0.00023008720124832483
果子,0.00023008720124832483
仨,0.00023008720124832483
咱们,0.00023008720124832483
用户,0.00022656304630407168
OK,0.00022656304630407163
，人,0.00022656304630407163
丰富,0.00022656304630407163
喝完,0.00022656304630407163
纯素,0.00022656304630407163
再接再厉,0.00022656304630407163
喔,0.00022656304630407163
色,0.00022656304630407163
肉馅,0.00022656304630407163
羊杂,0.00022656304630407163
生病,0.00022656304630407163
脆皮,0.00022656304630407163
，豆浆,0.00022656304630407163
油炸,0.00022656304630407163
优点,0.00022656304630407163
十足,0.0002265630463040716
过瘾,0.0002265630463040716
8,0.0002265630463040716
爽,0.0002265630463040716
只有我,0.0002265630463040716
好少,0.0002265630463040716
记忆,0.0002265630463040716
大虾,0.0002265630463040716
传统,0.0002265630463040716
品味,0.0002265630463040716
显然,0.0002265630463040716
办事,0.0002265630463040716
6块,0.0002265630463040716
400,0.0002265630463040716
统一,0.0002265630463040716
调味料,0.0002265630463040716
通过,0.00022655300752094762
5点,0.00022655300752094762
不远,0.00022655300752094762
嘻嘻,0.00022655300752094757
肉松,0.00022655300752094757
锅贴,0.00022655300752094757
出乎意料,0.00022655300752094754
下午1点,0.00022655300752094754
，汉堡,0.00022655300752094754
好多,0.00022326578369035848
大。,0.00022302886615483655
，速度快，,0.00022302886615483655
肉皮,0.00022302886615483655
赞。,0.00022302886615483653
感动,0.00022302886615483653
。赞,0.00022302886615483653
愉快,0.00022302886615483653
满足,0.00022302886615483653
需求,0.00022302886615483653
卡,0.00022302886615483653
热腾腾,0.00022302886615483653
家乡,0.00022302886615483653
稍稍,0.00022302886615483653
大号,0.00022302886615483653
→,0.00022302886615483653
⊙,0.00022302886615483653
饼子,0.00022302886615483653
薏米,0.00022302886615483653
手撕包菜,0.00022302886615483653
三点,0.00022302886615483653
3小时,0.00022302886615483653
通,0.00022302886615483653
一圈,0.00022302886615483653
立即,0.00022302886615483653
写明,0.00022302886615483653
，石锅拌饭,0.00022302886615483653
一大,0.0002230288661548365
8块,0.00022301882737171252
印象,0.00022301882737171252
柴,0.0002230188273717125
保温箱,0.0002230188273717125
快捷,0.00022301882737171247
飞,0.00022301882737171247
有所,0.00022301882737171247
经济实惠,0.00022301882737171247
想像,0.00022301882737171247
延误,0.00022301882737171247
4点,0.00022299875147973992
好好好,0.00021949469958482416
，皮蛋瘦肉粥,0.00021949469958482416
臭臭,0.00021949469958482416
听说,0.00021949469958482416
一种,0.00021949469958482416
足够,0.00021949469958482416
话，,0.00021949469958482416
眉州东,0.00021949469958482416
挤,0.00021949469958482416
好极,0.00021949469958482414
冻,0.00021949469958482414
烤鸭,0.00021949469958482414
机会,0.00021949469958482414
反胃,0.00021949469958482414
不愉快,0.00021949469958482414
送出,0.00021949469958482408
疙瘩,0.00021949469958482408
较慢,0.00021948466080170013
客气,0.00021948466080170013
过长，,0.00021948466080170013
品种,0.0002194846608017001
。量,0.0002194846608017001
只不过,0.00021948466080170008
一人,0.00021948466080170008
1公里,0.00021948466080170008
派,0.00021948466080170008
*,0.0002194445123668478
塌,0.00021597058537599668
棒棒哒！,0.00021596054659287262
记得,0.00021596054659287262
炸鸡,0.00021596054659287262
好不好,0.00021596054659287262
家人,0.00021596054659287262
说到,0.00021596054659287262
停,0.0002159505078097486
这边,0.0002159505078097486
品尝,0.00021595050780974856
小吃,0.00021595050780974856
会不会,0.00021595050780974856
合理,0.00021595050780974856
不同,0.00021595050780974856
写错,0.00021595050780974856
不准,0.00021595050780974856
管理,0.00021595050780974856
牛皮,0.000215930431917776
应该,0.00021269619695862938
大雪天,0.0002124264071813438
冲,0.0002124264071813438
热乎乎,0.00021242640718134378
拌菜,0.00021241636839821977
准,0.00021241636839821975
帅,0.00021241636839821975
盒,0.00021241636839821972
两,0.00021241636839821972
鸡丁,0.00021241636839821972
米条,0.00021241636839821972
好不容易,0.00021241636839821972
肥肠,0.00021240632961509566
想想,0.00021240632961509563
滴,0.00020889228134875548
晚餐,0.00020889228134875548
哟,0.00020889228134875546
不完,0.00020889228134875546
第一个,0.00020889228134875546
是否,0.00020889228134875546
总体来说,0.0002088822425656314
～～～,0.0002088822425656314
提供,0.0002088822425656314
卤肉饭,0.0002088822425656314
拿来,0.0002088722054567829
正好,0.00020886216667365885
包,0.00020552626638498448
皮,0.0002055061938421048
个人,0.0002055061938421047
再送,0.00020535816909522715
天天,0.00020535816909522715
满满,0.00020535816909522715
增加,0.0002053581690952271
着急,0.00020534813031210315
附近,0.0002053481303121031
果然,0.0002053481303121031
信,0.0002053380932032546
表示,0.00020533809320325455
下降,0.00020533809320325455
地址,0.0002019123393126023
微辣,0.00020182407042119866
做成,0.00020182407042119866
慢点,0.00020182407042119863
长时间,0.00020182407042119863
效率,0.00020181403163807462
餐馆,0.0002018140316380746
1小时,0.0002018140316380746
太烂,0.00020181403163807457
健康,0.00020180399452922614
到家,0.00019828998532710966
黄太吉,0.00019828998532710966
麻辣香锅,0.0001982799465439856
保证,0.0001982799465439856
经历,0.0001982799465439856
无奈,0.0001982799465439856
手里,0.00019827994654398557
瘦肉,0.0001947559138127594
泡菜,0.0001947559138127594
赶紧,0.00019474587502963536
细心,0.00019474587502963533
菜汤,0.00019473583792078676
才能,0.00019124193177023978
还以为,0.0001912118170951432
用餐,0.00019121181709514317
可是,0.00018801424098700647
一个人,0.00018769784863228086
进去,0.00018768781152343232
非,0.0001876878115234323
”,0.00018767777274030832
非常棒,0.00018765769684833566
弄,0.00018432465209270615
头,0.0001841537807490147
打通,0.0001841537807490147
零钱,0.00018414374196589064
果汁,0.00018414374196589064
就这样,0.00018414374196589064
稍,0.00018407349727169012
水,0.00018070076774103427
到位,0.0001806097247720097
很实惠,0.0001806097247720097
照片,0.00018060972477200967
还能,0.00017732777782434423
南瓜粥,0.00017712710427682468
事,0.00017709579370038325
烤,0.00017708575994062763
超过,0.0001770757211575036
午餐,0.00017707572115750357
恭维,0.0001770656823743795
老,0.00017365377024513857
10分钟,0.0001735818762110107
花生,0.0001735417311244135
再买,0.0001735417311244135
重,0.00016999771756240887
快点,0.0001664838305819192
认真,0.00016648382890764363
适合,0.00016647379179879514
来说,0.00016645371590682257
在一起,0.000166453714232547
凉菜,0.00016297999094263898
总是,0.0001629398425077867
进,0.00016291976661581415
重要,0.0001629097295069656
大叔,0.00015940590679707032
辣，,0.00015587198466772607
通知,0.000155861945884602
晚上,0.00014882425536982596
蛋糕,0.0001488041811526707
粉,0.00014529037565885048
想吃,0.00014526026600712226
帮,0.00014525022387490536
预定,0.00014174647074637883
路,0.0001381925473288187
很辛苦,0.0001346888146660402
取餐,0.00013466873709979204
小菜,0.0001311750417367236
不动,0.00013110480038878292
完,0.00012088745436964702
评价,0.00012062238749484732
皮蛋,0.00011698970051771576
必须,0.00011695958584261921
来着,0.00011681571687985299
天气骑士们,0.00011681571687985296
，量特大，,0.00011681571687985296
香锅，,0.00011681571687985296
五个人,0.00011681571687985296
太麻,0.00011681571687985296
爬楼梯,0.00011681571687985296
菜场,0.00011681571687985296
好快,0.00011681571687985296
百度外卖买快乐柠檬家奶茶，,0.00011681571687985296
，棒棒哒，开心～,0.00011681571687985296
快，奶茶,0.00011681571687985296
，棒棒哒～,0.00011681571687985296
百度外卖，真心赞！,0.00011681571687985296
隔三差五儿,0.00011681571687985296
呦，,0.00011681571687985296
冰爽,0.00011681571687985296
，江山城,0.00011681571687985296
哈！超级赞，,0.00011681571687985296
～江山城,0.00011681571687985296
，私房豆腐,0.00011681571687985296
百度骑士！,0.00011681571687985296
一家一个,0.00011681571687985296
配送给力,0.00011681571687985296
好，大冷天,0.00011681571687985296
饭饭,0.00011681571687985296
速溶咖啡,0.00011681571687985296
少见,0.00011681571687985296
coffee,0.00011681571687985296
小店,0.00011681571687985296
黄焖鸡～,0.00011681571687985296
入口,0.00011681571687985296
！棒棒哒！,0.00011681571687985296
好事,0.00011681571687985296
关照,0.00011681571687985296
快快,0.00011681571687985296
，下饭,0.00011681571687985296
米豆腐,0.00011681571687985296
，包菜,0.00011681571687985296
湖南人,0.00011681571687985296
当地,0.00011681571687985296
。烧椒皮蛋醋,0.00011681571687985296
紫苏黄瓜油,0.00011681571687985296
腊牛肉,0.00011681571687985296
风！骑士,0.00011681571687985296
10:45,0.00011681571687985296
，热干面,0.00011681571687985296
热干面，,0.00011681571687985296
不错，焖面,0.00011681571687985296
花生米菠菜，花生,0.00011681571687985296
巨快！,0.00011681571687985296
听闻,0.00011681571687985296
送清,0.00011681571687985296
口香糖,0.00011681571687985296
，好评！,0.00011681571687985296
真香，,0.00011681571687985296
。辣,0.00011681571687985296
tuo，,0.00011681571687985296
行踪,0.00011681571687985296
粉儿,0.00011681571687985296
牛杂面,0.00011681571687985296
，豆干,0.00011681571687985296
太狠,0.00011681571687985296
，方便乐,0.00011681571687985296
，味道赞赞哒,0.00011681571687985296
一定要记得,0.00011681571687985296
瓷实！,0.00011681571687985296
有益,0.00011681571687985296
哈～,0.00011681571687985296
大肉卷,0.00011681571687985296
压力,0.00011681571687985296
抱歉，,0.00011681571687985296
，油,0.00011681571687985296
饭～～～,0.00011681571687985296
香香哒粥～～～,0.00011681571687985296
暖暖哒～～～美味哒卷卷～～～,0.00011681571687985296
美味哒菜,0.00011681571687985296
自信,0.00011681571687985296
，肉特多，,0.00011681571687985296
。！！！！,0.00011681571687985296
纯肉,0.00011681571687985296
组合，,0.00011681571687985296
韧性,0.00011681571687985296
青椒、香菇、豆芽、洋葱、土豆丝。,0.00011681571687985296
试试看,0.00011681571687985296
拿出去,0.00011681571687985296
快，卷饼,0.00011681571687985296
，香菇,0.00011681571687985296
12点11点17,0.00011681571687985296
速度快！,0.00011681571687985296
！速度快！,0.00011681571687985296
采纳,0.00011681571687985296
有心意，,0.00011681571687985296
比嘉,0.00011681571687985296
评价外卖，,0.00011681571687985296
，大爱  ,0.00011681571687985296
？，,0.00011681571687985296
。。。。真棒,0.00011681571687985296
！！饭,0.00011681571687985296
文艺范,0.00011681571687985296
！拌饭,0.00011681571687985296
停不下来,0.00011681571687985296
！威,0.00011681571687985296
武！,0.00011681571687985296
还早，,0.00011681571687985296
，卷饼卷,0.00011681571687985296
好吃，,0.00011681571687985296
！卫生！周到！,0.00011681571687985296
20cm,0.00011681571687985296
见方,0.00011681571687985296
，棒棒达。,0.00011681571687985296
，赞。,0.00011681571687985296
有点晚,0.00011681571687985296
好足,0.00011681571687985296
手抓饼，,0.00011681571687985296
不太饱。。。。,0.00011681571687985296
晕。,0.00011681571687985296
额，卷饼,0.00011681571687985296
怨言,0.00011681571687985296
雨衣,0.00011681571687985296
加班饭，,0.00011681571687985296
！给力！,0.00011681571687985296
吹风,0.00011681571687985296
周日,0.00011681571687985296
订上,0.00011681571687985296
方,0.00011681571687985296
包住,0.00011681571687985296
不许,0.00011681571687985296
真尼玛辣,0.00011681571687985296
好又,0.00011681571687985296
经济,0.00011681571687985296
不如上,0.00011681571687985296
袖珍,0.00011681571687985296
外婆家卷饼,0.00011681571687985296
结论,0.00011681571687985296
牛肉，鸡肉,0.00011681571687985296
成本高,0.00011681571687985296
！肉多！实在！牛肉豆芽蘑菇洋葱,0.00011681571687985296
文质彬彬,0.00011681571687985296
赌气,0.00011681571687985296
肘子卷饼青椒,0.00011681571687985296
55分钟,0.00011681571687985296
10000000000000个,0.00011681571687985296
劲，,0.00011681571687985296
中午下午,0.00011681571687985296
综合,0.00011681571687985296
，荤素,0.00011681571687985296
瘦肉吧！,0.00011681571687985296
苦汁,0.00011681571687985296
鱼香肉丝卷,0.00011681571687985296
蘑菇。,0.00011681571687985296
第一家,0.00011681571687985296
发达,0.00011681571687985296
想吃饱,0.00011681571687985296
很给力,0.00011681571687985296
叶子菜,0.00011681571687985296
蔬菜牛肉卷,0.00011681571687985296
土豆条，牛肉,0.00011681571687985296
方向感,0.00011681571687985296
略干,0.00011681571687985296
B格,0.00011681571687985296
更好吃,0.00011681571687985296
好早就,0.00011681571687985296
高大上，,0.00011681571687985296
、尖椒土豆丝，,0.00011681571687985296
2、,0.00011681571687985296
尖椒呢。。。,0.00011681571687985296
吃惊,0.00011681571687985296
八宝茶,0.00011681571687985296
油TAT皮蛋瘦肉粥,0.00011681571687985296
不快，鱼香肉丝,0.00011681571687985296
逼格,0.00011681571687985296
附送,0.00011681571687985296
南瓜粥一般般，卷饼,0.00011681571687985296
大～,0.00011681571687985296
鱼香,0.00011681571687985296
牛肉丝,0.00011681571687985296
百度外卖合适。,0.00011681571687985296
提点,0.00011681571687985296
汤儿,0.00011681571687985296
粗壮,0.00011681571687985296
～卷儿,0.00011681571687985296
差错,0.00011681571687985296
王老吉…太晚点餐,0.00011681571687985296
呢，,0.00011681571687985296
！纯素蔬菜卷,0.00011681571687985296
洋葱味。,0.00011681571687985296
高大上，餐,0.00011681571687985296
太饱,0.00011681571687985296
加薪,0.00011681571687985296
这下,0.00011681571687985296
看得出来,0.00011681571687985296
，力,0.00011681571687985296
荐,0.00011681571687985296
足。。。,0.00011681571687985296
快。。。卷饼,0.00011681571687985296
京酱肉丝卷饼,0.00011681571687985296
？京酱肉丝,0.00011681571687985296
相当于,0.00011681571687985296
名号,0.00011681571687985296
粮食,0.00011681571687985296
绿叶蔬菜,0.00011681571687985296
土豆丝。。。,0.00011681571687985296
摄入,0.00011681571687985296
符合,0.00011681571687985296
很大气,0.00011681571687985296
整洁,0.00011681571687985296
常定,0.00011681571687985296
菠萝派,0.00011681571687985296
马铃薯,0.00011681571687985296
挚爱,0.00011681571687985296
，密,0.00011681571687985296
够足,0.00011681571687985296
，培根,0.00011681571687985296
鲜榨果汁！,0.00011681571687985296
美式密肉,0.00011681571687985296
香培根,0.00011681571687985296
、料,0.00011681571687985296
這家,0.00011681571687985296
啦啦,0.00011681571687985296
還要,0.00011681571687985296
！冰花,0.00011681571687985296
，超棒，,0.00011681571687985296
饺汤,0.00011681571687985296
，饺子馅大皮薄，,0.00011681571687985296
结账,0.00011681571687985296
炸土豆丝,0.00011681571687985296
蒜苗肉丝,0.00011681571687985296
干炸丸子，,0.00011681571687985296
饺子馅,0.00011681571687985296
，素三鲜馅,0.00011681571687985296
，帖,0.00011681571687985296
。宫爆鸡丁,0.00011681571687985296
！派送员,0.00011681571687985296
两三个小时,0.00011681571687985296
，棒棒哒，,0.00011681571687985296
千层蛋糕，,0.00011681571687985296
迫不及待,0.00011681571687985296
不能怕,0.00011681571687985296
汁儿,0.00011681571687985296
很好赞,0.00011681571687985296
回多,0.00011681571687985296
五星级,0.00011681571687985296
40个,0.00011681571687985296
哈哈。,0.00011681571687985296
斗,0.00011681571687985296
要买,0.00011681571687985296
认准,0.00011681571687985296
堂食。,0.00011681571687985296
暖,0.00011681571687985296
。份,0.00011681571687985296
城,0.00011681571687985296
酸辣汤,0.00011681571687985296
，酱油炒饭,0.00011681571687985296
足。青,0.00011681571687985296
，原味鸡翅,0.00011681571687985296
定披萨，,0.00011681571687985296
饼皮,0.00011681571687985296
送花,0.00011681571687985296
过火,0.00011681571687985296
凉，薯条,0.00011681571687985296
送餐员给力，披萨,0.00011681571687985296
牛排,0.00011681571687985296
，手指,0.00011681571687985296
略长，,0.00011681571687985296
！沙拉量,0.00011681571687985296
外出没,0.00011681571687985296
寒风,0.00011681571687985296
随身,0.00011681571687985296
赶回家,0.00011681571687985296
大打折扣,0.00011681571687985296
！！！招牌菜醋溜木须！！！,0.00011681571687985296
。大爱醋溜木须！！！！牛肉馅饼太赞啦！！！！,0.00011681571687985296
日本豆腐,0.00011681571687985296
快，阿田大虾,0.00011681571687985296
百度骑士，大冷天，,0.00011681571687985296
人挺好,0.00011681571687985296
原汁,0.00011681571687985296
美美,0.00011681571687985296
底，,0.00011681571687985296
第N次,0.00011681571687985296
清单,0.00011681571687985296
送单快，,0.00011681571687985296
跑跑,0.00011681571687985296
保,0.00011681571687985296
。宫,0.00011681571687985296
干锅花菜。炸馒头片,0.00011681571687985296
づ,0.00011681571687985296
      ,0.00011681571687985296
不够了,0.00011681571687985296
萌萌哒,0.00011681571687985296
阿田大虾,0.00011681571687985296
小龙虾,0.00011681571687985296
，土豆牛腩,0.00011681571687985296
河虾,0.00011681571687985296
排骨豆角粘卷子排骨特,0.00011681571687985296
撒匀。,0.00011681571687985296
超乎想象,0.00011681571687985296
！排骨,0.00011681571687985296
灌肠,0.00011681571687985296
排骨面,0.00011681571687985296
，冷天,0.00011681571687985296
热饭菜，感谢～,0.00011681571687985296
棒棒棒！速度快快快。,0.00011681571687985296
五分五分,0.00011681571687985296
！骑士,0.00011681571687985296
属,0.00011681571687985296
善，,0.00011681571687985296
为人,0.00011681571687985296
稻香,0.00011681571687985296
村,0.00011681571687985296
哎哟,0.00011681571687985296
屯,0.00011681571687985296
8月16号,0.00011681571687985296
1个月,0.00011681571687985296
煎饼，豆浆,0.00011681571687985296
夜晚,0.00011681571687985296
一件,0.00011681571687985296
雨夹雪,0.00011681571687985296
！！   ,0.00011681571687985296
省事，,0.00011681571687985296
。速度快。,0.00011681571687985296
辣椒酱……,0.00011681571687985296
拉面煎饼,0.00011681571687985296
薄脆煎饼味道好。豆浆,0.00011681571687985296
！…,0.00011681571687985296
大粒,0.00011681571687985296
暴雨,0.00011681571687985296
葡萄粒,0.00011681571687985296
煎饼飘香。,0.00011681571687985296
28。,0.00011681571687985296
粒,0.00011681571687985296
解渴,0.00011681571687985296
咸。豆腐脑很赞！很实，卤汁,0.00011681571687985296
。椒盐双菇,0.00011681571687985296
。抄手,0.00011681571687985296
够味，,0.00011681571687985296
醋包，辣椒神马,0.00011681571687985296
大吃,0.00011681571687985296
得现,0.00011681571687985296
↖,0.00011681571687985296
↗,0.00011681571687985296
，干净，包装绝对一流，好，，,0.00011681571687985296
卤淀粉,0.00011681571687985296
…饿shi,0.00011681571687985296
打黄,0.00011681571687985296
除湿,0.00011681571687985296
多喝,0.00011681571687985296
耳闻,0.00011681571687985296
黄太急,0.00011681571687985296
果盘,0.00011681571687985296
走错路,0.00011681571687985296
，肉松,0.00011681571687985296
尽,0.00011681571687985296
职。,0.00011681571687985296
单人,0.00011681571687985296
蓬点,0.00011681571687985296
沙拉酱。,0.00011681571687985296
hao,0.00011681571687985296
过后,0.00011681571687985296
久仰,0.00011681571687985296
；卷饼,0.00011681571687985296
，油条煎饼,0.00011681571687985296
顶顶,0.00011681571687985296
，猪蹄,0.00011681571687985296
好快！！！,0.00011681571687985296
东东,0.00011681571687985296
胶带,0.00011681571687985296
呦,0.00011681571687985296
，耦盒,0.00011681571687985296
，藕盒,0.00011681571687985296
煎饼果子，,0.00011681571687985296
四根,0.00011681571687985296
家点,0.00011681571687985296
，味道正，量足，,0.00011681571687985296
快菜,0.00011681571687985296
神速！粥,0.00011681571687985296
到家一会儿,0.00011681571687985296
奇快,0.00011681571687985296
，疙瘩,0.00011681571687985296
愿,0.00011681571687985296
近两三个月,0.00011681571687985296
有心能,0.00011681571687985296
敏感,0.00011681571687985296
日久,0.00011681571687985296
来这里,0.00011681571687985296
贵在,0.00011681571687985296
一类,0.00011681571687985296
天长,0.00011681571687985296
品,0.00011681571687985296
，大拌菜拌苦菊,0.00011681571687985296
，胃,0.00011681571687985296
吾,0.00011681571687985296
梅州东坡,0.00011681571687985296
堂食多。,0.00011681571687985296
凉拌山竹笋,0.00011681571687985296
梅州东,0.00011681571687985296
坡棒棒,0.00011681571687985296
风，,0.00011681571687985296
川式腊味,0.00011681571687985296
菜名不虚传！,0.00011681571687985296
姜蓉鸡，,0.00011681571687985296
鱼香肉丝。,0.00011681571687985296
实。,0.00011681571687985296
陪,0.00011681571687985296
雪天,0.00011681571687985296
酸辣汤，,0.00011681571687985296
湄州,0.00011681571687985296
24分钟,0.00011681571687985296
解馋,0.00011681571687985296
。色,0.00011681571687985296
坡，,0.00011681571687985296
，银耳汤,0.00011681571687985296
，汤包,0.00011681571687985296
，蒸饺,0.00011681571687985296
1点10分,0.00011681571687985296
完了饭来,0.00011681571687985296
呢，鲜肉小笼包,0.00011681571687985296
陀，,0.00011681571687985296
！点赞，,0.00011681571687985296
好，汤,0.00011681571687985296
百度糯米,0.00011681571687985296
专用,0.00011681571687985296
常来,0.00011681571687985296
！嗖,0.00011681571687985296
面前,0.00011681571687985296
窝蛋牛肉饭,0.00011681571687985296
辣酱面好呲，,0.00011681571687985296
辣辣,0.00011681571687985296
～奶茶,0.00011681571687985296
调戏,0.00011681571687985296
4瓶,0.00011681571687985296
顶个单,0.00011681571687985296
？平时定,0.00011681571687985296
饿了让,0.00011681571687985296
微辣，果汁,0.00011681571687985296
石榴汁，,0.00011681571687985296
鱿鱼石锅拌饭,0.00011681571687985296
黄瓜、萝卜、蘑菇，,0.00011681571687985296
杂酱面,0.00011681571687985296
，藕丁,0.00011681571687985296
碗面,0.00011681571687985296
入肚,0.00011681571687985296
重庆杂面酱,0.00011681571687985296
日常,0.00011681571687985296
，小贵。,0.00011681571687985296
家牌,0.00011681571687985296
紫菜花,0.00011681571687985296
泡脚,0.00011681571687985296
全面,0.00011681571687985296
酸萝卜胡萝卜,0.00011681571687985296
。凉粉,0.00011681571687985296
土豆牛肉盖饭，,0.00011681571687985296
土豆红烧肉,0.00011681571687985296
鸡腿卷,0.00011681571687985296
文，,0.00011681571687985296
营销,0.00011681571687985296
烹饪,0.00011681571687985296
10点58,0.00011681571687985296
90,0.00011681571687985296
森，,0.00011681571687985296
？饼,0.00011681571687985296
麽,0.00011681571687985296
爆！！！！！,0.00011681571687985296
，块儿,0.00011681571687985296
后饼,0.00011681571687985296
106分钟,0.00011681571687985296
虚脱,0.00011681571687985296
肠炎,0.00011681571687985296
，拉肚子,0.00011681571687985296
反差,0.00011681571687985296
错店,0.00011681571687985296
满怀,0.00011681571687985296
弄好,0.00011681571687985296
，木耳,0.00011681571687985296
味儿！,0.00011681571687985296
晚吧！,0.00011681571687985296
吧，结果,0.00011681571687985296
～不错～速度快！,0.00011681571687985296
，肘子卷,0.00011681571687985296
差不多大,0.00011681571687985296
指甲盖,0.00011681571687985296
豆芽，香菇，,0.00011681571687985296
突出,0.00011681571687985296
，素菜卷,0.00011681571687985296
电动,0.00011681571687985296
忘单,0.00011681571687985296
乖乖吃卷饼吧！,0.00011681571687985296
岔,0.00011681571687985296
把握,0.00011681571687985296
入驻,0.00011681571687985296
,0.00011681571687985296
付，,0.00011681571687985296
习惯性,0.00011681571687985296
男子,0.00011681571687985296
闹心。,0.00011681571687985296
长见识,0.00011681571687985296
菜卷,0.00011681571687985296
关键点,0.00011681571687985296
不咸不淡,0.00011681571687985296
，干干巴巴,0.00011681571687985296
来讲,0.00011681571687985296
关张,0.00011681571687985296
草泥,0.00011681571687985296
！祝,0.00011681571687985296
别提多难,0.00011681571687985296
动物园,0.00011681571687985296
上帝,0.00011681571687985296
，土豆肉丝,0.00011681571687985296
胃痛,0.00011681571687985296
停止,0.00011681571687985296
第16天,0.00011681571687985296
吃完,0.00011681571687985296
那天,0.00011681571687985296
无风明朗,0.00011681571687985296
地，,0.00011681571687985296
青椒。木耳,0.00011681571687985296
，肘子肉,0.00011681571687985296
运送,0.00011681571687985296
超级难吃，,0.00011681571687985296
14下,0.00011681571687985296
太袖珍,0.00011681571687985296
巨快,0.00011681571687985296
盖饭，,0.00011681571687985296
，米饭,0.00011681571687985296
，饭来了，,0.00011681571687985296
好容易,0.00011681571687985296
无人接，,0.00011681571687985296
保护,0.00011681571687985296
催单无,0.00011681571687985296
上午十点,0.00011681571687985296
免，,0.00011681571687985296
权益,0.00011681571687985296
，面饼,0.00011681571687985296
红，,0.00011681571687985296
飘香肘子,0.00011681571687985296
鸡肉？,0.00011681571687985296
，鸡肉蔬菜,0.00011681571687985296
电话费,0.00011681571687985296
口碑,0.00011681571687985296
。差评！,0.00011681571687985296
最早,0.00011681571687985296
睡醒,0.00011681571687985296
一两个小时,0.00011681571687985296
午觉,0.00011681571687985296
前面,0.00011681571687985296
吃肉丝,0.00011681571687985296
点厚。,0.00011681571687985296
吹捧,0.00011681571687985296
？！！！！！,0.00011681571687985296
敢不敢,0.00011681571687985296
受够了,0.00011681571687985296
气。,0.00011681571687985296
。马丹，,0.00011681571687985296
晚点儿,0.00011681571687985296
马丹，,0.00011681571687985296
1:50,0.00011681571687985296
，据,0.00011681571687985296
今晚上,0.00011681571687985296
做出来,0.00011681571687985296
土豆尖椒,0.00011681571687985296
1碗,0.00011681571687985296
一问,0.00011681571687985296
春饼,0.00011681571687985296
。美中不足,0.00011681571687985296
恒温,0.00011681571687985296
直愣愣,0.00011681571687985296
堆,0.00011681571687985296
。好心收,0.00011681571687985296
站,0.00011681571687985296
！差评！！！,0.00011681571687985296
好心塞,0.00011681571687985296
十一点45,0.00011681571687985296
略干。,0.00011681571687985296
老醋花生，,0.00011681571687985296
。望,0.00011681571687985296
，问原因，,0.00011681571687985296
大料,0.00011681571687985296
擦拭,0.00011681571687985296
配合,0.00011681571687985296
深色,0.00011681571687985296
辣油。,0.00011681571687985296
流出,0.00011681571687985296
汤太咸，,0.00011681571687985296
大大小小,0.00011681571687985296
周围,0.00011681571687985296
耽搁,0.00011681571687985296
，整盒,0.00011681571687985296
八点点,0.00011681571687985296
摊儿,0.00011681571687985296
卫生吧。,0.00011681571687985296
杂,0.00011681571687985296
七八分钟以内,0.00011681571687985296
挑食,0.00011681571687985296
家色,0.00011681571687985296
餐！SB！,0.00011681571687985296
！SB！,0.00011681571687985296
杳无音讯,0.00011681571687985296
，苦,0.00011681571687985296
麻烦我,0.00011681571687985296
理论,0.00011681571687985296
楼上楼,0.00011681571687985296
几趟,0.00011681571687985296
，素土豆饼,0.00011681571687985296
干辣，,0.00011681571687985296
，煎饼，南瓜粥，豆腐脑，薏米,0.00011681571687985296
味儿，像吃咸菜，,0.00011681571687985296
水都,0.00011681571687985296
凉面太硬，,0.00011681571687985296
黄太吉煎饼，,0.00011681571687985296
；豆腐脑不咸，,0.00011681571687985296
包辣条,0.00011681571687985296
后脚,0.00011681571687985296
第肉松煎饼,0.00011681571687985296
凉拌面,0.00011681571687985296
，原味煎饼,0.00011681571687985296
烤羊肉串,0.00011681571687985296
蜂蜜柚子茶，,0.00011681571687985296
红枣茶，,0.00011681571687985296
脑量,0.00011681571687985296
二厘米,0.00011681571687985296
十九块,0.00011681571687985296
乘,0.00011681571687985296
直观,0.00011681571687985296
东坡肘子,0.00011681571687985296
豆。,0.00011681571687985296
一小块,0.00011681571687985296
超级干,0.00011681571687985296
详情,0.00011681571687985296
白灼芥兰,0.00011681571687985296
43分钟,0.00011681571687985296
电联,0.00011681571687985296
秋梨汁,0.00011681571687985296
200ml！,0.00011681571687985296
迟迟,0.00011681571687985296
超过一个小时,0.00011681571687985296
4个多小时,0.00011681571687985296
挨饿,0.00011681571687985296
18:00,0.00011681571687985296
全身,0.00011681571687985296
不错，薯条,0.00011681571687985296
。玉米沙拉,0.00011681571687985296
人够,0.00011681571687985296
，店,0.00011681571687985296
呛,0.00011681571687985296
省力,0.00011681571687985296
省心,0.00011681571687985296
宗旨,0.00011681571687985296
百度团购便宜，,0.00011681571687985296
省时,0.00011681571687985296
，羊,0.00011681571687985296
18点10分,0.00011681571687985296
棒骨,0.00011681571687985296
20点20,0.00011681571687985296
惨,0.00011681571687985296
，餐盒单收费，,0.00011681571687985296
！决,0.00011681571687985296
薯泥，,0.00011681571687985296
汤，木,0.00011681571687985296
，水呼,0.00011681571687985296
这回事,0.00011681571687985296
焗,0.00011681571687985296
10点13分,0.00011681571687985296
差评差评差评！,0.00011681571687985296
13点13分,0.00011681571687985296
超过12点,0.00011681571687985296
接单多忙,0.00011681571687985296
糊嘎巴。。。,0.00011681571687985296
银耳梨那汤,0.00011681571687985296
葱香牛肉焗饭,0.00011681571687985296
忍，,0.00011681571687985296
出票,0.00011681571687985296
在线支付。,0.00011681571687985296
活动期,0.00011681571687985296
最高,0.00011681571687985296
傻不愣登,0.00011681571687985296
30分钟左右,0.00011681571687985296
折扣率,0.00011681571687985296
两把,0.00011681571687985296
奥尔良披萨,0.00011681571687985296
热带雨林披萨+饮料，,0.00011681571687985296
BBQ鸡肉披萨+饮料，,0.00011681571687985296
银耳冰粥,0.00011681571687985296
海,0.00011681571687985296
火腿肠，,0.00011681571687985296
海陆,0.00011681571687985296
满眼,0.00011681571687985296
分定,0.00011681571687985296
，宫保鸡丁饭,0.00011681571687985296
7点20,0.00011681571687985296
8点5分,0.00011681571687985296
网上支付，,0.00011681571687985296
麻将,0.00011681571687985296
羊腿,0.00011681571687985296
，莲藕,0.00011681571687985296
皮鞋,0.00011681571687985296
莲藕,0.00011681571687985296
。皮蛋豆腐,0.00011681571687985296
打交道,0.00011681571687985296
天黑。,0.00011681571687985296
层状,0.00011681571687985296
天亮挑,0.00011681571687985296
趋向,0.00011681571687985296
渣状，,0.00011681571687985296
，韭菜盒子,0.00011681571687985296
，生煎,0.00011681571687985296
晚一点,0.00011681571687985296
卖出,0.00011681571687985296
重度,0.00011681571687985296
搜锅包肉，,0.00011681571687985296
出售,0.00011681571687985296
造假,0.00011681571687985296
浓，,0.00011681571687985296
醋，,0.00011681571687985296
露汤,0.00011681571687985296
责怪,0.00011681571687985296
九品金饺,0.00011681571687985296
反省,0.00011681571687985296
永不再用,0.00011681571687985296
指责,0.00011681571687985296
亿万分,0.00011681571687985296
绝不再来,0.00011681571687985296
袋里,0.00011681571687985296
别送,0.00011681571687985296
33,0.00011681571687985296
餐吧，,0.00011681571687985296
红烧牛腩,0.00011681571687985296
土匪,0.00011681571687985296
，酱油,0.00011681571687985296
院里,0.00011681571687985296
口？,0.00011681571687985296
难吃，甜,0.00011681571687985296
。豆角,0.00011681571687985296
外地,0.00011681571687985296
目睹,0.00011681571687985296
不忍,0.00011681571687985296
太离谱,0.00011681571687985296
，有史,0.00011681571687985296
！感受极差！,0.00011681571687985296
星！,0.00011681571687985296
早点点吧，,0.00011681571687985296
皮皮,0.00011681571687985296
菜带,0.00011681571687985296
不能少,0.00011681571687985296
15分,0.00011681571687985296
货品,0.00011681571687985296
22点,0.00011681571687985296
57,0.00011681571687985296
21点,0.00011681571687985296
加烂,0.00011681571687985296
被迫,0.00011681571687985296
？店,0.00011681571687985296
角,0.00011681571687985296
鸡巴坑人,0.00011681571687985296
养生,0.00011681571687985296
试一试,0.00011681571687985296
1我勒个,0.00011681571687985296
找菜,0.00011681571687985296
撒满地,0.00011681571687985296
大…,0.00011681571687985296
土豆丝炒鸡蛋,0.00011681571687985296
？像喂猪倒甘水,0.00011681571687985296
拎,0.00011681571687985296
6份,0.00011681571687985296
造成,0.00011681571687985296
另一个人,0.00011681571687985296
先后轮,0.00011681571687985296
酸汤鱼,0.00011681571687985296
抠门,0.00011681571687985296
，一口吃,0.00011681571687985296
半两重,0.00011681571687985296
，软,0.00011681571687985296
室友,0.00011681571687985296
？答,0.00011681571687985296
纸袋子,0.00011681571687985296
小食，,0.00011681571687985296
根子,0.00011681571687985296
番茄酱，番茄酱,0.00011681571687985296
小食,0.00011681571687985296
，鸡腿,0.00011681571687985296
麦当劳,0.00011681571687985296
番茄酱，结婚餐,0.00011681571687985296
71分钟,0.00011681571687985296
接点,0.00011681571687985296
。。。餐,0.00011681571687985296
晚。,0.00011681571687985296
好人,0.00011681571687985296
皇堡，,0.00011681571687985296
bbq,0.00011681571687985296
皇堡,0.00011681571687985296
团餐,0.00011681571687985296
怪不得,0.00011681571687985296
（）。,0.00011681571687985296
，鸡翅，鸡肉堡，,0.00011681571687985296
小好意思,0.00011681571687985296
丁丁,0.00011681571687985296
美观,0.00011681571687985296
心塞,0.00011681571687985296
汉堡。。。。,0.00011681571687985296
铁板烧汁茄子,0.00011681571687985296
水煮肉片,0.00011681571687985296
太干！,0.00011681571687985296
扬州炒饭,0.00011681571687985296
咕嘟菜,0.00011681571687985296
干锅千叶豆腐,0.00011681571687985296
，毛肚牙碜，料,0.00011681571687985296
特多，,0.00011681571687985296
毛血旺里火腿差，肥肠,0.00011681571687985296
黑椒牛,0.00011681571687985296
百度外卖体验，,0.00011681571687985296
仔鸡,0.00011681571687985296
几种,0.00011681571687985296
炸鸡腿，,0.00011681571687985296
韭菜盒子,0.00011681571687985296
吧，草泥马,0.00011681571687985296
百度外卖太SB,0.00011681571687985296
动辄,0.00011681571687985296
自营,0.00011681571687985296
屋子,0.00011681571687985296
了解,0.00011681571687985296
黑芝麻糯米粥,0.00011681571687985296
黑芝麻,0.00011681571687985296
细査，,0.00011681571687985296
北京豆付，,0.00011681571687985296
贵妃宫爆鸡,0.00011681571687985296
……狂汗……,0.00011681571687985296
……巨甜,0.00011681571687985296
～奶酪,0.00011681571687985296
化成,0.00011681571687985296
，外卖部划算。,0.00011681571687985296
B。,0.00011681571687985296
退少,0.00011681571687985296
东边,0.00011681571687985296
梧桐花,0.00011681571687985296
定单私自提价，,0.00011681571687985296
为由,0.00011681571687985296
牛肉筋,0.00011681571687985296
235,0.00011681571687985296
差额,0.00011681571687985296
93,0.00011681571687985296
99,0.00011681571687985296
205,0.00011681571687985296
认同,0.00011681571687985296
装错，,0.00011681571687985296
9次,0.00011681571687985296
干活,0.00011681571687985296
白拿,0.00011681571687985296
发短信,0.00011681571687985296
管理层,0.00011681571687985296
，烂菜叶子。,0.00011681571687985296
附一份,0.00011681571687985296
两元,0.00011681571687985296
，中途,0.00011681571687985296
几通,0.00011681571687985296
，担,0.00011681571687985296
，果仁菠菜,0.00011681571687985296
担面,0.00011681571687985296
，萝卜,0.00011681571687985296
巴。,0.00011681571687985296
外婆家,0.00011681571687985296
巴,0.00011681571687985296
难看,0.00011681571687985296
宫爆鸡丁盖饭，花生,0.00011681571687985296
宫爆鸡丁辣椒,0.00011681571687985296
比如,0.00011681571687985296
幌子,0.00011681571687985296
总会,0.00011681571687985296
96,0.00011681571687985296
进味,0.00011681571687985296
手撕鸡干,0.00011681571687985296
，残念，,0.00011681571687985296
凉。,0.00011681571687985296
然并卵,0.00011681571687985296
太热,0.00011681571687985296
胀,0.00011681571687985296
电车,0.00011681571687985296
8点半,0.00011681571687985296
忘点,0.00011681571687985296
注意吧！菜,0.00011681571687985296
根部,0.00011681571687985296
烤馒头片,0.00011681571687985296
蜜汁鸡翅,0.00011681571687985296
10点10分,0.00011681571687985296
黄豆,0.00011681571687985296
一秒,0.00011681571687985296
前一秒,0.00011681571687985296
百度外卖、,0.00011681571687985296
举动,0.00011681571687985296
、溜肝,0.00011681571687985296
16点,0.00011681571687985296
味多美,0.00011681571687985296
死你。,0.00011681571687985296
9，,0.00011681571687985296
为此,0.00011681571687985296
明明约,0.00011681571687985296
笑话,0.00011681571687985296
下午1:30,0.00011681571687985296
庆生，,0.00011681571687985296
00点,0.00011681571687985296
最长,0.00011681571687985296
奶油。,0.00011681571687985296
冰淇淋，,0.00011681571687985296
破口大骂,0.00011681571687985296
！比,0.00011681571687985296
。比,0.00011681571687985296
拌饭酱，,0.00011681571687985296
鸡肉丸,0.00011681571687985296
吃亏,0.00011681571687985296
距离家,0.00011681571687985296
罐,0.00011681571687985296
烂！！！！！,0.00011681571687985296
45min,0.00011681571687985296
送货奇慢，,0.00011681571687985296
慢近,0.00011681571687985296
委屈,0.00011681571687985296
，辣牛肉汤,0.00011681571687985296
煎熬,0.00011681571687985296
幻觉,0.00011681571687985296
86分钟,0.00011681571687985296
建外soho,0.00011681571687985296
抽调,0.00011681571687985296
利益,0.00011681571687985296
“正时,0.00011681571687985296
soho现代城,0.00011681571687985296
吧，真心不辣，,0.00011681571687985296
咽。,0.00011681571687985296
不？,0.00011681571687985296
堂食，,0.00011681571687985296
白面包。,0.00011681571687985296
全麦面包，,0.00011681571687985296
没道理,0.00011681571687985296
崩,0.00011681571687985296
蛋酱,0.00011681571687985296
外卖箱,0.00011681571687985296
！外包装,0.00011681571687985296
141元,0.00011681571687985296
九转大肠,0.00011681571687985296
五星，,0.00011681571687985296
冒菜,0.00011681571687985296
麻辣凉面,0.00011681571687985296
吃一吃,0.00011681571687985296
麻，,0.00011681571687985296
麻辣凉面。,0.00011681571687985296
费劲,0.00011681571687985296
，不象,0.00011681571687985296
，象,0.00011681571687985296
茶花,0.00011681571687985296
动静，,0.00011681571687985296
鹌鹑蛋，,0.00011681571687985296
吧，黑三剁,0.00011681571687985296
往上,0.00011681571687985296
玫瑰饼,0.00011681571687985296
剁,0.00011681571687985296
丁丁辣椒，一丁丁鸡蛋,0.00011681571687985296
黑三,0.00011681571687985296
抗议,0.00011681571687985296
丁丁酱油,0.00011681571687985296
过去二十分钟,0.00011681571687985296
么？总得吃饱吧？,0.00011681571687985296
致癌,0.00011681571687985296
血。,0.00011681571687985296
被毁,0.00011681571687985296
腐烂,0.00011681571687985296
？味儿,0.00011681571687985296
肯德基麦当劳,0.00011681571687985296
！！薯条？？？嗯！,0.00011681571687985296
五十米,0.00011681571687985296
油块,0.00011681571687985296
★,0.00011681571687985296
^*)。。。。,0.00011681571687985296
尾部,0.00011681571687985296
失败！,0.00011681571687985296
剧烈,0.00011681571687985296
挤压,0.00011681571687985296
运动,0.00011681571687985296
，榨菜肉丝,0.00011681571687985296
米皮,0.00011681571687985296
夜,0.00011681571687985296
死心,0.00011681571687985296
硬坨,0.00011681571687985296
。羊肉泡馍。肉夹馍,0.00011681571687985296
肉夾馍,0.00011681571687985296
吵架,0.00011681571687985296
堆积,0.00011681571687985296
长短,0.00011681571687985296
放服,0.00011681571687985296
时间段,0.00011681571687985296
胡椒干嘛,0.00011681571687985296
皮子,0.00011681571687985296
学学,0.00011681571687985296
，回龙观,0.00011681571687985296
加盟店,0.00011681571687985296
，城,0.00011681571687985296
唯有,0.00011681571687985296
，骨肉,0.00011681571687985296
，烤翅,0.00011681571687985296
汁，米线,0.00011681571687985296
凉皮拌料,0.00011681571687985296
百度外卖还不错，,0.00011681571687985296
周黑鸭,0.00011681571687985296
增,0.00011681571687985296
黄飞鸿,0.00011681571687985296
凉粉，,0.00011681571687985296
四喜烤麸,0.00011681571687985296
一个12元,0.00011681571687985296
回请,0.00011681571687985296
外卖？,0.00011681571687985296
好称,0.00011681571687985296
100米,0.00011681571687985296
提价,0.00011681571687985296
孜然鸡丁饭,0.00011681571687985296
口径,0.00011681571687985296
第三个,0.00011681571687985296
打马虎眼,0.00011681571687985296
牛油,0.00011681571687985296
雇佣,0.00011681571687985296
姗姗来迟,0.00011681571687985296
小瓶,0.00011681571687985296
铁？,0.00011681571687985296
结成,0.00011681571687985296
小利,0.00011681571687985296
值花,0.00011681571687985296
13块,0.00011681571687985296
适度,0.00011681571687985296
打人,0.00011681571687985296
，那,0.00011681571687985296
艰辛,0.00011681571687985296
必要条件,0.00011681571687985296
例外。,0.00011681571687985296
凶,0.00011681571687985296
老坛酸菜牛肉面,0.00011681571687985296
这是为什么呢,0.00011681571687985296
失恋,0.00011681571687985296
！貌似,0.00011681571687985296
烤肠。卤蛋,0.00011681571687985296
，切,0.00011681571687985296
。真尼玛,0.00011681571687985296
早上九点,0.00011681571687985296
餐，尼玛,0.00011681571687985296
二逼吗？,0.00011681571687985296
恼火,0.00011681571687985296
烦躁，,0.00011681571687985296
腻虫,0.00011681571687985296
。红烧牛肉,0.00011681571687985296
00,0.00011681571687985296
豆花,0.00011681571687985296
，催单不管用，米线,0.00011681571687985296
。特,0.00011681571687985296
如实,0.00011681571687985296
更大,0.00011681571687985296
嗓子眼，,0.00011681571687985296
保留,0.00011681571687985296
鱼刺,0.00011681571687985296
嗓子眼,0.00011681571687985296
坚硬,0.00011681571687985296
，物证,0.00011681571687985296
赶快,0.00011681571687985296
下限,0.00011681571687985296
1点钟,0.00011681571687985296
45分钟左右,0.00011681571687985296
有时,0.00011681571687985296
11点10,0.00011681571687985296
误差,0.00011681571687985296
暂,0.00011681571687985296
不容,0.00011681571687985296
硬结，,0.00011681571687985296
硬咽,0.00011681571687985296
，炒饼,0.00011681571687985296
鸡蛋炒饼，蕨根粉特硬，,0.00011681571687985296
北京科技大学,0.00011681571687985296
泡菜，,0.00011681571687985296
止,0.00011681571687985296
此单,0.00011681571687985296
，动不动,0.00011681571687985296
促销,0.00011681571687985296
忘，,0.00011681571687985296
大幅,0.00011681571687985296
大蒜,0.00011681571687985296
。。。。PS：,0.00011681571687985296
着凉,0.00011681571687985296
。。人,0.00011681571687985296
？再者，,0.00011681571687985296
十分之一,0.00011681571687985296
红烧牛肉肉,0.00011681571687985296
，塑化剂,0.00011681571687985296
热汤，,0.00011681571687985296
，气人！,0.00011681571687985296
螺蛳粉,0.00011681571687985296
螺狮粉，,0.00011681571687985296
味儿，鸭掌还行，绿豆汤,0.00011681571687985296
流程,0.00011681571687985296
十单,0.00011681571687985296
开工,0.00011681571687985296
粉汤,0.00011681571687985296
汤面，,0.00011681571687985296
。。卷饼,0.00011681571687985294
牛舌饼,0.00011681571687985294
。包子,0.00011681571687985294
疲,0.00011681571687985294
内疚,0.00011681571687985294
大好,0.00011681571687985294
，量比,0.00011681571687985294
，辣牛肉,0.00011681571687985294
怎么样,0.00011345594137029903
盖饭,0.00011340576084967066
恰到好处,0.0001132814959949483
，刚,0.0001132814959949483
巨大,0.0001132814959949483
，南瓜羹,0.0001132814959949483
分不开,0.0001132814959949483
四小时,0.0001132814959949483
耗时,0.0001132814959949483
电脑,0.0001132814959949483
量。,0.0001132814959949483
上班族,0.0001132814959949483
扣款,0.0001132814959949483
命,0.0001132814959949483
速递,0.00011328149599494828
品量,0.00011328149599494828
满意，,0.00011328149599494828
饮,0.00011328149599494828
友情,0.00011328149599494828
，不错，,0.00011328149599494828
日子,0.00011328149599494828
。送餐,0.00011328149599494828
火箭,0.00011328149599494828
吉野,0.00011328149599494828
10:25,0.00011328149599494828
分开装,0.00011328149599494828
，挺好,0.00011328149599494828
预想,0.00011328149599494828
好好吃,0.00011328149599494828
营养,0.00011328149599494828
包裹,0.00011328149599494828
好、,0.00011328149599494828
低价,0.00011328149599494828
急急忙忙,0.00011328149599494828
算上,0.00011328149599494828
手动,0.00011328149599494828
两边,0.00011328149599494828
给赞,0.00011328149599494828
师傅们,0.00011328149599494828
秒,0.00011328149599494828
信赖,0.00011328149599494828
青城,0.00011328149599494828
小牛肉,0.00011328149599494828
硬。,0.00011328149599494828
购物,0.00011328149599494828
大众,0.00011328149599494828
五个,0.00011328149599494828
，货,0.00011328149599494828
人和,0.00011328149599494828
严,0.00011328149599494828
年糕,0.00011328149599494828
苹果汁，,0.00011328149599494828
3，,0.00011328149599494828
12点45,0.00011328149599494828
现金,0.00011328149599494828
想起,0.00011328149599494828
极差。,0.00011328149599494828
总算,0.00011328149599494828
写在,0.00011328149599494828
二小时,0.00011328149599494828
羊排,0.00011328149599494828
偷懒,0.00011328149599494828
18点,0.00011328149599494828
4寸,0.00011328149599494828
那里,0.00011328149599494828
自从,0.00011328149599494828
鸡翅，,0.00011328149599494828
翅,0.00011328149599494828
特殊,0.00011328149599494828
抹茶,0.00011328149599494828
很长时间,0.00011328149599494828
多数,0.00011328149599494828
程，,0.00011328149599494828
以下,0.00011328149599494828
单层,0.00011328149599494828
前者,0.00011328149599494828
重视,0.00011328149599494828
理想,0.00011328149599494828
买东西,0.00011328149599494828
半亩园,0.00011328149599494828
信心,0.00011328149599494828
下午三点,0.00011328149599494828
老子,0.00011328149599494828
更喜欢,0.00011328149599494827
非常快，,0.00011328149599494827
讲究,0.00011328149599494827
百度外卖，赞。,0.00011328149599494827
飞速,0.00011328149599494827
软硬,0.00011328149599494827
捡,0.00011328149599494827
端,0.00011328149599494827
APP,0.00011328149599494827
自送,0.00011328149599494827
行程,0.00011328149599494827
略微,0.00011328149599494827
复杂,0.00011328149599494827
哈。,0.00011328149599494827
值班,0.00011328149599494827
滴，,0.00011328149599494827
香甜,0.00011328149599494827
小块,0.00011328149599494827
微微,0.00011328149599494827
土豆丝。,0.00011328149599494827
券,0.00011328149599494827
腌菜,0.00011328149599494827
害,0.00011328149599494827
奥尔良烤翅,0.00011328149599494827
温暖,0.00011328149599494827
美中不足,0.00011328149599494827
手工,0.00011328149599494827
小时候,0.00011328149599494827
祝福,0.00011328149599494827
馒头片,0.00011328149599494827
麻辣拌素,0.00011328149599494827
黑暗,0.00011328149599494827
浓郁,0.00011328149599494827
难得,0.00011328149599494827
藕盒,0.00011328149599494827
鸽子,0.00011328149599494827
响应,0.00011328149599494827
心眼,0.00011328149599494827
店子,0.00011328149599494827
界面,0.00011328149599494827
酸辣土豆丝，,0.00011328149599494827
下架,0.00011328149599494827
，囧,0.00011328149599494827
够呛,0.00011328149599494827
有点差,0.00011328149599494827
西葫芦,0.00011328149599494827
吸引,0.00011328149599494827
欠缺,0.00011328149599494827
桔梗,0.00011328149599494827
妥,0.00011328149599494827
逃避,0.00011328149599494827
籽,0.00011328149599494827
大人,0.00011328149599494827
唯独,0.00011328149599494827
干锅茶树菇,0.00011328149599494827
送来面,0.00011328149599494827
规划,0.00011328149599494827
大一,0.00011328149599494825
女友,0.00011328149599494825
。！！,0.00011328149599494825
今晚,0.00011328149599494825
安慰,0.00011328149599494825
要知道,0.00011328149599494825
更高,0.00011328149599494825
，分量足，,0.00011328149599494825
腻，,0.00011328149599494825
大过年,0.00011328149599494825
吃掉,0.00011328149599494825
新款,0.00011328149599494825
kfc,0.00011328149599494825
吧。,0.00011328149599494825
﹏,0.00011328149599494825
吃不惯,0.00011328149599494825
鱼香肉丝卷饼,0.00011328149599494825
，尖椒土豆丝,0.00011328149599494825
十五分钟,0.00011328149599494825
蘑菇鸡肉,0.00011328149599494825
味美,0.00011328149599494825
高大上！,0.00011328149599494825
硬！,0.00011328149599494825
穿着,0.00011328149599494825
淋湿,0.00011328149599494825
间,0.00011328149599494825
土豆牛肉，,0.00011328149599494825
严密,0.00011328149599494825
各方面,0.00011328149599494825
铝箔,0.00011328149599494825
粥少,0.00011328149599494825
补发,0.00011328149599494825
略有,0.00011328149599494825
男人,0.00011328149599494825
裤子,0.00011328149599494825
一百分,0.00011328149599494825
眼前一亮,0.00011328149599494825
融化,0.00011328149599494825
慎点,0.00011328149599494825
偏高,0.00011328149599494825
超实惠,0.00011328149599494825
温温,0.00011328149599494825
不忘,0.00011328149599494825
，祝,0.00011328149599494825
两人,0.00011328149599494825
大雪,0.00011328149599494825
忍无可忍,0.00011328149599494825
快！！,0.00011328149599494825
太辛苦,0.00011328149599494825
表,0.00011328149599494825
个儿,0.00011328149599494825
顺手,0.00011328149599494825
好快，,0.00011328149599494825
卷子,0.00011328149599494825
    ,0.00011328149599494825
暖暖,0.00011328149599494825
爸妈,0.00011328149599494825
太极,0.00011328149599494825
烙,0.00011328149599494825
很感动,0.00011328149599494825
桂圆,0.00011328149599494825
羊,0.00011328149599494825
，抄手,0.00011328149599494825
备,0.00011328149599494825
第一份,0.00011328149599494825
楼梯,0.00011328149599494825
，凉面,0.00011328149599494825
调节,0.00011328149599494825
跑着,0.00011328149599494825
哎呀,0.00011328149599494825
新品,0.00011328149599494825
，鸡柳,0.00011328149599494825
肉松煎饼,0.00011328149599494825
冷，,0.00011328149599494825
亲民,0.00011328149599494825
降低,0.00011328149599494825
糖水,0.00011328149599494825
干煸四季豆,0.00011328149599494825
云吞,0.00011328149599494825
北菇滑鸡饭,0.00011328149599494825
牌,0.00011328149599494825
分开放,0.00011328149599494825
荤,0.00011328149599494825
，虾,0.00011328149599494825
水分,0.00011328149599494825
技术,0.00011328149599494825
尼玛，,0.00011328149599494825
里头,0.00011328149599494825
开业,0.00011328149599494825
近期,0.00011328149599494825
爆胎,0.00011328149599494825
自行车,0.00011328149599494825
伤不起,0.00011328149599494825
别说,0.00011328149599494825
噎,0.00011328149599494825
15天,0.00011328149599494825
洋葱，,0.00011328149599494825
，订,0.00011328149599494825
盐。,0.00011328149599494825
1分,0.00011328149599494825
，破,0.00011328149599494825
慢！！！,0.00011328149599494825
白搭,0.00011328149599494825
粑粑,0.00011328149599494825
牛肉卷饼,0.00011328149599494825
外加,0.00011328149599494825
不用心,0.00011328149599494825
收下,0.00011328149599494825
田园,0.00011328149599494825
这么难,0.00011328149599494825
有空,0.00011328149599494825
总得,0.00011328149599494825
颠簸,0.00011328149599494825
牛筋,0.00011328149599494825
心想,0.00011328149599494825
鬼,0.00011328149599494825
，酸,0.00011328149599494825
尖,0.00011328149599494825
绝不会,0.00011328149599494825
为难,0.00011328149599494825
酒店,0.00011328149599494825
么，,0.00011328149599494825
四,0.00011328149599494825
抖,0.00011328149599494825
餐车,0.00011328149599494825
对此,0.00011328149599494825
小姑娘,0.00011328149599494825
皮蛋豆腐,0.00011328149599494825
核实,0.00011328149599494825
黑，,0.00011328149599494825
零分,0.00011328149599494825
SB，,0.00011328149599494825
一步,0.00011328149599494825
菜感觉,0.00011328149599494825
猪肝,0.00011328149599494825
先后,0.00011328149599494825
搞清楚,0.00011328149599494825
下午3点,0.00011328149599494825
19点,0.00011328149599494825
溜肉段,0.00011328149599494825
面粉,0.00011328149599494825
少辣,0.00011328149599494825
盐，,0.00011328149599494825
桶,0.00011328149599494825
兑,0.00011328149599494825
门铃,0.00011328149599494825
11:38,0.00011328149599494825
小包,0.00011328149599494825
女孩子,0.00011328149599494825
不快,0.00011328149599494825
，女,0.00011328149599494825
小黄鱼,0.00011328149599494825
一段时间,0.00011328149599494825
咸！,0.00011328149599494825
挂面,0.00011328149599494825
人才,0.00011328149599494825
，芝士,0.00011328149599494825
感到,0.00011328149599494825
，扁豆丝,0.00011328149599494825
补贴,0.00011328149599494825
饭！,0.00011328149599494825
时侯,0.00011328149599494825
蟹肉,0.00011328149599494825
芝士，,0.00011328149599494825
麻辣,0.00011328149599494825
，呵呵。,0.00011328149599494825
10点20,0.00011328149599494825
，烤肠,0.00011328149599494825
四喜丸子,0.00011328149599494825
溢出,0.00011328149599494825
，头一次,0.00011327145721182423
饭挺,0.00011327145721182423
新颖,0.00011327145721182422
大部分,0.00011327145721182422
第四次,0.00011327145721182422
离谱,0.00011327145721182422
辣椒,0.00011009273033116396
～赞,0.00010974728868826702
好几遍,0.00010974728868826702
12点18,0.00010974728868826702
号,0.00010974728868826702
错餐,0.00010974728868826702
鱼块,0.00010974728868826702
人手,0.00010974728868826702
过年,0.000109747288688267
，小哥,0.000109747288688267
，点赞,0.000109747288688267
山楂,0.000109747288688267
水，,0.000109747288688267
毛血旺,0.000109747288688267
入,0.000109747288688267
，黄焖鸡,0.000109747288688267
真辛苦,0.000109747288688267
噢,0.000109747288688267
超高,0.000109747288688267
比不上,0.000109747288688267
就送到,0.000109747288688267
100个,0.000109747288688267
，大赞,0.000109747288688267
极快,0.000109747288688267
坨，,0.000109747288688267
上火,0.000109747288688267
偷吃,0.000109747288688267
意外,0.000109747288688267
凉拌木耳,0.000109747288688267
安全,0.000109747288688267
皮蛋粥,0.000109747288688267
一个月,0.000109747288688267
实惠，,0.000109747288688267
美女,0.000109747288688267
宇宙卷饼，,0.000109747288688267
筋道,0.000109747288688267
瘦肉，,0.000109747288688267
香菇鸡肉卷,0.000109747288688267
顺便,0.000109747288688267
，心,0.000109747288688267
甜点,0.000109747288688267
受到,0.000109747288688267
再有,0.000109747288688267
达,0.000109747288688267
搭,0.000109747288688267
大量,0.000109747288688267
有种,0.000109747288688267
汇源果汁,0.000109747288688267
淡，,0.000109747288688267
肌肉,0.000109747288688267
4块,0.000109747288688267
又一次,0.000109747288688267
丁，,0.000109747288688267
顿时,0.000109747288688267
王老吉，,0.000109747288688267
遗憾,0.000109747288688267
运费,0.000109747288688267
\,0.000109747288688267
料包,0.000109747288688267
美,0.000109747288688267
热气,0.000109747288688267
白肉,0.000109747288688267
干，,0.000109747288688267
干煸豆角,0.000109747288688267
点面,0.000109747288688267
瘦,0.000109747288688267
小弟,0.000109747288688267
比萨,0.000109747288688267
在意,0.000109747288688267
没话说,0.000109747288688267
不便,0.000109747288688267
切开,0.000109747288688267
大名,0.000109747288688267
感冒,0.000109747288688267
煎饼，,0.000109747288688267
回购,0.000109747288688267
夹油条,0.000109747288688267
大雨,0.000109747288688267
水果盒,0.000109747288688267
住在,0.000109747288688267
第二份,0.000109747288688267
从新,0.000109747288688267
豆瓣酱,0.000109747288688267
味精,0.000109747288688267
否则,0.000109747288688267
速,0.000109747288688267
拼,0.000109747288688267
灌,0.000109747288688267
上边,0.000109747288688267
三明治,0.000109747288688267
常温,0.000109747288688267
平均,0.000109747288688267
，辣白菜,0.000109747288688267
馅儿,0.000109747288688267
别提,0.000109747288688267
九十分钟,0.000109747288688267
发苦,0.000109747288688267
B,0.000109747288688267
待,0.000109747288688267
17点,0.000109747288688267
耍,0.000109747288688267
整块,0.000109747288688267
早日,0.000109747288688267
商店,0.000109747288688267
好心情,0.000109747288688267
巨少,0.000109747288688267
，干,0.000109747288688267
？！！,0.000109747288688267
追究,0.000109747288688267
费用,0.000109747288688267
下午茶,0.000109747288688267
12点10分,0.000109747288688267
累,0.000109747288688267
11点10分,0.000109747288688267
混乱,0.000109747288688267
补，,0.000109747288688267
瘪,0.000109747288688267
设置,0.000109747288688267
挂掉,0.000109747288688267
抬头,0.000109747288688267
回锅,0.000109747288688267
卤肉饭，,0.000109747288688267
变味,0.000109747288688267
素菜,0.000109747288688267
今日,0.000109747288688267
奉劝,0.000109747288688267
至尊,0.000109747288688267
菌菇汤,0.000109747288688267
碎片,0.000109747288688267
异物,0.000109747288688267
。锅包肉,0.000109747288688267
冰冰凉,0.000109747288688267
三分,0.000109747288688267
一句话,0.000109747288688267
闲,0.000109747288688267
40多,0.000109747288688267
蜡烛,0.000109747288688267
烧烤,0.000109747288688267
双层,0.000109747288688267
却说,0.000109747288688267
填写,0.000109747288688267
延时,0.000109747288688267
这儿,0.000109747288688267
很无奈,0.000109747288688267
，泡菜汤,0.000109747288688267
大酱,0.000109747288688267
五花肉泡菜,0.000109747288688267
浆,0.000109747288688267
魏家,0.000109747288688267
乡巴佬,0.000109747288688267
，绿豆沙,0.000109747288688267
收钱,0.00010974728868826697
一勺,0.00010974728868826697
正确,0.00010974728868826697
毛。,0.00010974728868826697
一把,0.00010974728868826697
少，,0.00010974728868826697
钟头，,0.00010974728868826697
>,0.00010973724990514296
<,0.00010973724990514296
试,0.00010973724990514296
忍不住,0.00010973724990514296
过期,0.00010973724990514296
吧？,0.00010973724990514296
漏油,0.00010973724990514294
有意思,0.00010973724990514294
一餐,0.00010973724990514294
魏家凉皮,0.00010973724990514294
家门,0.00010621309496088975
红薯,0.00010621309496088975
：）,0.00010621309496088975
可说,0.00010621309496088975
小哥儿,0.00010621309496088975
周到，,0.00010621309496088975
下雪天,0.00010621309496088975
餐。,0.00010621309496088975
男,0.00010621309496088975
非常实惠,0.00010621309496088975
传,0.00010621309496088975
不认,0.00010621309496088975
香菇，,0.00010621309496088975
闻,0.00010621309496088975
有点甜,0.00010621309496088975
发货,0.00010621309496088975
肉筋,0.00010621309496088975
立,0.00010621309496088975
问问,0.00010621309496088975
趴,0.00010621309496088975
避免,0.00010621309496088975
埋怨,0.00010621309496088975
黄鱼,0.00010621309496088975
胡萝卜，,0.00010621309496088975
非得,0.00010621309496088975
尺寸,0.00010621309496088975
站点,0.00010621309496088975
病人,0.00010621309496088975
叮嘱,0.00010621309496088975
姐姐,0.00010621309496088975
沙拉酱,0.00010621309496088975
屋里,0.00010621309496088975
料理,0.00010621309496088975
望京,0.00010621309496088975
糖，,0.00010621309496088975
赠,0.00010621309496088975
信任,0.00010621309496088975
以往,0.00010621309496088975
还有什么,0.00010621309496088975
下午一点半,0.00010621309496088975
硬是,0.00010621309496088975
没味,0.00010621309496088975
水泡,0.00010621309496088975
筋,0.00010621309496088975
两遍,0.00010621309496088975
18,0.00010621309496088975
这辈子,0.00010621309496088975
盒装,0.00010621309496088975
敲门,0.00010621309496088975
两颗,0.00010621309496088975
70分钟,0.00010621309496088975
白饭,0.00010621309496088975
车费,0.00010621309496088975
3点,0.00010621309496088975
马虎,0.00010621309496088975
想知道,0.00010621309496088975
赔偿,0.00010621309496088975
可笑,0.00010621309496088975
休息,0.00010621309496088975
叉子,0.00010621309496088975
，否则,0.00010621309496088975
腊八蒜,0.00010621309496088975
#,0.00010621309496088972
甜面酱,0.00010621309496088972
百度外卖。,0.00010621309496088972
粗粮,0.00010621309496088972
以来,0.00010621309496088972
血,0.00010621309496088972
认,0.00010621309496088972
12:45,0.00010621309496088972
单点,0.00010621309496088972
一刻,0.00010621309496088972
由,0.00010621309496088972
到时,0.00010621309496088972
过劲,0.00010621309496088972
着实,0.00010621309496088972
花蛤,0.00010621309496088972
6点,0.00010620305617776569
，分量,0.00010620305617776566
神马,0.00010620305617776566
呗,0.00010620305617776566
5点半,0.00010620305617776566
汉拿山,0.00010620305617776566
分量,0.000103527548923245
却,0.00010286478253298788
萝卜,0.00010267891481165466
网络,0.00010267891481165466
办公室,0.00010267891481165466
诚实,0.00010267891481165466
南瓜饼,0.00010267891481165466
瞬间,0.00010267891481165466
疯了,0.00010267891481165466
绝对不会,0.00010267891481165466
妹,0.00010267891481165466
，袋子,0.00010267891481165466
合,0.00010267891481165463
讲,0.00010267891481165463
最喜欢,0.00010267891481165463
力度,0.00010267891481165463
大姐,0.00010267891481165463
温馨,0.00010267891481165463
请注意,0.00010267891481165463
神速，,0.00010267891481165463
环保,0.00010267891481165463
传说,0.00010267891481165463
惊呆,0.00010267891481165463
。皮蛋瘦肉粥,0.00010267891481165463
素,0.00010267891481165463
心里,0.00010267891481165463
较快,0.00010267891481165463
用料,0.00010267891481165463
嗒,0.00010267891481165463
点点,0.00010267891481165463
大上,0.00010267891481165463
不爱,0.00010267891481165463
土豆丝卷,0.00010267891481165463
话说,0.00010267891481165463
打折,0.00010267891481165463
坡,0.00010267891481165463
八点,0.00010267891481165463
爽口,0.00010267891481165463
死人,0.00010267891481165463
上午,0.00010267891481165463
强调,0.00010267891481165463
多久,0.00010267891481165463
此次,0.00010267891481165463
三十分钟,0.00010267891481165463
约,0.00010266887602853063
湖南,0.0001026688760285306
，料,0.0001026688760285306
老顾客,0.0001026688760285306
齁,0.0001026688760285306
才是,0.0001026688760285306
咸，,0.0001026688760285306
鱼头,0.0001026688760285306
交,0.0001026688760285306
胃,0.00010266887602853057
这位,0.00010266887602853057
以,0.00010266887602853057
办法,0.00010266887602853057
好看,0.00010266887602853057
小伙伴们,0.00010266887602853057
一位,0.00010266887602853057
拒收,0.00010266887602853057
有病,0.00010266887602853057
饱，,9.915478702476631e-05
楼上,9.915478702476629e-05
直到,9.914474824164227e-05
热饮,9.914474824164225e-05
冒雨,9.914474824164225e-05
起码,9.914474824164225e-05
o,9.914474824164225e-05
品牌,9.914474824164225e-05
，呵呵，,9.914474824164225e-05
包装盒,9.914474824164225e-05
哥,9.914474824164225e-05
重点,9.914474824164225e-05
一切,9.914474824164225e-05
n,9.914474824164225e-05
标明,9.914474824164225e-05
南瓜羹,9.914474824164225e-05
馄饨,9.914474824164225e-05
四份,9.914474824164225e-05
宽,9.914474824164225e-05
青椒，,9.914474824164225e-05
第二个,9.914474824164225e-05
单独,9.914474824164225e-05
小时餐,9.914474824164225e-05
嘴里,9.914474824164225e-05
无力,9.914474824164225e-05
时间长,9.914474824164225e-05
关东煮,9.914474824164225e-05
小渝府,9.914474824164225e-05
哥哥,9.914474824164224e-05
热干面,9.914474824164224e-05
意见,9.914474824164224e-05
纯,9.914474824164224e-05
微波炉,9.914474824164224e-05
鸡皮,9.914474824164224e-05
羊肉串,9.914474824164224e-05
沾,9.914474824164224e-05
的确,9.914474824164223e-05
多些,9.914474824164223e-05
劲,9.914474824164223e-05
十几分钟,9.914474824164223e-05
想办法,9.914474824164223e-05
商品,9.914474824164223e-05
短信,9.914474824164221e-05
盐酥鸡,9.913470945851822e-05
担心,9.913470945851822e-05
房间,9.91347094585182e-05
订购,9.913470945851818e-05
，京酱肉丝,9.913470945851818e-05
没得,9.913470945851818e-05
不方便,9.913470945851818e-05
必要,9.913470945851817e-05
又说,9.913470945851817e-05
10,9.562063403281479e-05
经过,9.561059524969073e-05
，大冷天,9.561059524969073e-05
嗯，,9.561059524969073e-05
牛,9.561059524969073e-05
赞，,9.561059524969073e-05
到手,9.561059524969073e-05
哥们,9.561059524969073e-05
爬,9.561059524969073e-05
微辣，,9.561059524969073e-05
高兴,9.561059524969073e-05
豆芽,9.561059524969073e-05
边,9.561059524969073e-05
之间,9.561059524969073e-05
亏,9.561059524969073e-05
而是,9.561059524969073e-05
泥,9.561059524969073e-05
五花肉,9.561059524969073e-05
感受,9.561059524969073e-05
这一次,9.561059524969073e-05
数量,9.561059524969073e-05
只好,9.560055646656669e-05
类似,9.560055646656667e-05
土豆泥,9.560055646656667e-05
三种,9.560055646656667e-05
改良,9.560055646656667e-05
午休,9.560055646656667e-05
番茄酱，,9.560055646656667e-05
既然,9.560055646656667e-05
海带丝,9.558048057459407e-05
可,9.223360252967405e-05
特色,9.209653173013449e-05
三小时,9.2086494621286e-05
餐！,9.208649462128597e-05
，辣,9.208649462128594e-05
提醒,9.207645583816191e-05
帮忙,9.207645583816191e-05
小伙,9.207645583816191e-05
豆皮,9.207645583816191e-05
咯,9.207645583816191e-05
球,9.207645583816191e-05
加上,9.207645583816191e-05
50分钟,9.207645583816191e-05
饭馆,9.207645583816191e-05
想要,9.207645583816191e-05
事儿,9.207645583816191e-05
2点,9.207645583816191e-05
倒闭,9.207645583816191e-05
客人,9.207645583816191e-05
软件,9.207645583816191e-05
青笋,9.207645583816189e-05
经典,9.207645583816189e-05
不惯,9.207645583816189e-05
后面,9.207645583816189e-05
堂食,9.207645583816189e-05
难受,9.207645583816189e-05
句,9.207645583816189e-05
玉米,9.207645583816189e-05
8点,9.206641705503788e-05
50,9.206641705503788e-05
猪手,9.206641705503783e-05
配餐,9.206641705503783e-05
），,9.206641705503783e-05
总共,9.205637994618937e-05
意义,9.205637994618926e-05
招牌,8.855236878869761e-05
下班,8.854233000557359e-05
桌子,8.854233000557359e-05
负,8.854233000557357e-05
连着,8.854233000557357e-05
木,8.854233000557357e-05
肉，,8.854233000557357e-05
虾,8.854233000557356e-05
，害,8.854233000557356e-05
赞赞,8.854233000557355e-05
继续努力,8.854233000557355e-05
十个,8.854233000557355e-05
那么久,8.854233000557355e-05
不负,8.854233000557355e-05
反应,8.853229122244956e-05
肉饼,8.85322912224495e-05
9点,8.851221533047696e-05
小碗,8.501825653516932e-05
哒,8.500821775204529e-05
速度快，,8.500821775204529e-05
太早,8.500821775204529e-05
管,8.500821775204529e-05
涨价,8.500821775204529e-05
包装袋,8.500821775204526e-05
不舒服,8.500821775204526e-05
加强,8.499817896892123e-05
出现,8.499817896892123e-05
奇怪,8.49981789689212e-05
一点儿,8.49981789689212e-05
怎样,8.49981789689212e-05
面,8.200688512190673e-05
算,8.168279645391041e-05
软,8.163264438202131e-05
区别,8.147411907801676e-05
这么快,8.147411907801676e-05
=,8.147411907801676e-05
当然,8.147411907801676e-05
中份,8.147411907801676e-05
牙,8.147411907801676e-05
勺,8.147411907801676e-05
回事,8.147411907801676e-05
拿铁,8.147411907801676e-05
果断,8.147411907801673e-05
45,8.147411907801673e-05
就要,8.14640802948927e-05
生气,8.14640802948927e-05
一声,8.14640802948927e-05
香菇,8.146408029489267e-05
正一味,8.146408029489267e-05
大小,7.794003398392779e-05
下面,7.794003398392779e-05
内容,7.794003398392776e-05
加油,7.794003398392776e-05
欠,7.794003398392776e-05
2个,7.794003398392771e-05
?,7.792999520080373e-05
尝,7.792999520080373e-05
不爽,7.792999520080368e-05
错误,7.790991930883113e-05
稍微,7.466577070305044e-05
下来,7.442603836155004e-05
一次性,7.440596246957751e-05
冰凉,7.44059624695775e-05
第二天,7.440596246957744e-05
入味,7.439592368645344e-05
瘦肉粥,7.439592368645344e-05
20元,7.439592368645344e-05
青椒,7.087190453508536e-05
走路,7.087190453508535e-05
按照,7.087190453508534e-05
虫子,7.087190453508531e-05
不再,7.084178985998876e-05
吃饱,6.737800861510271e-05
责任,6.733786018025043e-05
新,6.733786018025043e-05
说实话,6.728767296227406e-05
敢,6.381386818895688e-05
红油,6.38138665146813e-05
注明,6.379379062270879e-05
支付,6.379379062270876e-05
两块,6.378375351386024e-05
一天,6.378375351386023e-05
咸菜,6.029992353795561e-05
塑料袋,6.025977342882777e-05
满,5.688753434658633e-05
上来,5.674584738056982e-05
付,5.6745847380569806e-05
楼,5.674584738056979e-05
反正,5.6735808597445746e-05
改,5.6735808597445746e-05
午饭,5.672576981432169e-05
买,5.436049802537153e-05
几次,5.3374075314557644e-05
忍,5.330217458455997e-05
这么多,5.320181856435574e-05
她,5.3201818564355656e-05
很失望,5.3201818564355656e-05
为,5.3191779781231596e-05
宫保鸡丁,5.317170388925902e-05
碗,4.968791800317212e-05
下雨天,4.9677879220048064e-05
忙,4.966784211119955e-05
接受,4.966784211119952e-05
臭,4.9667842111199496e-05
3个小时,4.965780332807546e-05
还送,4.628698707173168e-05
左右,4.6163988890465525e-05
接到,4.6133879238737305e-05
次,4.6133879238737305e-05
马上,4.612384045561322e-05
根,4.612384045561322e-05
吐,4.607365323763688e-05
不看,3.906599423701255e-05
不错，,3.906599423701252e-05
下雨,3.906599423701248e-05
为了,3.554210921651675e-05
冰,3.552203332454426e-05
一共,3.5511999564788585e-05
韭菜,3.551199621569569e-05
不好吃,3.215311869117442e-05
天,3.2008202342619394e-05
嚼,3.199816355949532e-05
终于,3.198812477637126e-05
回来,3.19780910166156e-05
餐巾纸,3.1978087667522734e-05
十一点,2.1436664489794165e-05
实际,2.137644351122439e-05
三个,2.1356369294069164e-05
三次,1.436896627723857e-05
下午,1.4348897082613942e-05
变,1.079499748045333e-05
单子,1.0774921588480756e-05
可乐,7.499655541779934e-06
