word,sopmi
结果,-0.15815147161267856
折腾,-0.1455938697318007
祸害,-0.1365161822304679
欺负,-0.1365161822304679
毁,-0.1365161822304679
侮辱,-0.1365161822304679
调,-0.13409959065155058
脱,-0.13159390136134322
分配,-0.13061584840654603
派,-0.1262114156626755
打击,-0.125565343356041
破坏,-0.12276141986668304
搞,-0.11643476507360352
丢掉,-0.11517219664278489
丢,-0.11517219664278489
弄,-0.11450494051220007
催,-0.11142392921462685
待,-0.1105756846735195
启动,-0.1105756846735195
收拾,-0.10969232748302513
缠,-0.10969232748302513
推,-0.10949352714058597
加油,-0.10939142831684934
打开,-0.10912507863991419
失误,-0.10869731800766286
不像,-0.1083127417772595
相差,-0.1083127417772595
影响,-0.10810230406682184
不同,-0.10777044882117347
来不及,-0.10703703703703703
赌,-0.10621315192743763
操蛋,-0.10621315192743763
算账,-0.10621315192743763
惩罚,-0.10621315192743763
较劲,-0.10621315192743763
找麻烦,-0.10621315192743763
插,-0.10621315192743763
打乱,-0.10621315192743763
刺,-0.10561467387048781
弄乱,-0.10473316458366289
骚扰,-0.1043828592042878
斗,-0.1026039102509691
处,-0.10179247570551916
错过,-0.10062899731697686
丧失,-0.10062899731697686
损失,-0.09854937759029828
整,-0.09838029416976785
撒,-0.0972825150732127
提醒,-0.0972825150732127
发挥,-0.0972825150732127
逼,-0.0972825150732127
沉醉,-0.0972825150732127
叮嘱,-0.0972825150732127
催促,-0.0972825150732127
告诉,-0.0972825150732127
告诫,-0.0972825150732127
喊,-0.0972825150732127
呼吁,-0.0972825150732127
劝,-0.0972825150732127
拜托,-0.0972825150732127
奉劝,-0.0972825150732127
指导,-0.0972825150732127
申请,-0.0972825150732127
督促,-0.0972825150732127
挑动,-0.0972825150732127
逼迫,-0.0972825150732127
开机,-0.0972825150732127
寄,-0.09721439198183388
混乱,-0.09696192696192699
差错,-0.09632731253420909
鱼肉,-0.09586251531331627
短,-0.0956902356902357
好评,-0.09543677136476325
求,-0.09525001417543519
误,-0.09515527950310548
说,-0.09478354978354978
事,-0.09391756272401437
烫,-0.09369191919191913
压,-0.0933683736590713
不及,-0.0932407407407407
杀,-0.09245838956365277
开,-0.09081871345029234
便宜,-0.090170080150032
蘑菇,-0.08997983108308424
托,-0.08951659197877213
限制,-0.08920170699240462
烤,-0.08852744592565841
倒胃口,-0.08762481962481963
打死,-0.08762481962481963
焯,-0.08762481962481963
欺人太甚,-0.08762481962481963
污损,-0.08762481962481963
留,-0.08692895339954163
差额,-0.08619731800766285
教育,-0.08611511271175135
干,-0.08609908609908605
过期,-0.08590909090909087
招,-0.08573757754765549
钉,-0.08525137680618985
使,-0.0851484480431849
服务,-0.0848850574712644
调戏,-0.08483323395681888
打架,-0.08482374222195473
打,-0.08462930815294098
欠,-0.08457912457912457
领导,-0.08431093884582255
伤人,-0.08298196248196252
抽调,-0.08272179155900083
教,-0.08268374016273175
做出,-0.08241030999651693
警告,-0.08208517052430955
搭,-0.08134727845254162
痛苦,-0.08101121101121103
报销,-0.08084427569477398
放,-0.08074006572001757
撂,-0.080222248743552
磨,-0.07904151404151402
绝无,-0.07675074499787143
毫无,-0.07675074499787143
调和,-0.07612059877714523
坐,-0.0761157720802898
相比,-0.07556267734243262
免,-0.07506029285099047
关机,-0.07506029285099047
封杀,-0.07506029285099047
阻挡,-0.07506029285099047
雇佣,-0.07506029285099047
后果,-0.07504454022988506
指示,-0.0747876595082477
晚点,-0.07478494623655908
职业,-0.07466666666666659
去,-0.07463351657504584
收到,-0.07445420592479415
划算,-0.07395126991578765
晚,-0.07333333333333329
迟,-0.07333333333333329
迟迟,-0.07333333333333329
姗姗来迟,-0.07333333333333329
擦,-0.07332869111938875
抹,-0.07332869111938875
锻炼,-0.07332869111938875
刮,-0.07332869111938875
工作,-0.07299616858237551
陷,-0.072382017453446
控制,-0.07218974460353761
黄,-0.07177248677248682
拉,-0.07173866770318543
交易,-0.07141276794765167
子,-0.07137362637362638
回答,-0.07127281523507936
扫,-0.07102984054467609
加强,-0.07102984054467609
琢磨,-0.07102984054467609
去掉,-0.07102984054467609
取消,-0.07102984054467609
捂,-0.07102984054467609
隐藏,-0.07102984054467609
创造,-0.07102984054467609
扔掉,-0.07102984054467609
删除,-0.07102984054467609
做成,-0.07102984054467609
撤,-0.07102984054467609
优化,-0.07102984054467609
创新,-0.07102984054467609
屏蔽,-0.07102984054467609
埋,-0.07102984054467609
掩盖,-0.07102984054467609
剔除,-0.07102984054467609
洗,-0.07102984054467609
躲,-0.07102984054467609
烂,-0.07090909090909085
枉费,-0.06992737324814982
冰冻,-0.06984951556380126
帮忙,-0.06984951556380126
保持,-0.06984951556380126
吃掉,-0.06984951556380126
打包,-0.06984951556380126
改善,-0.06984951556380126
加热,-0.06984951556380126
养成,-0.06984951556380126
加快,-0.06984951556380126
撑,-0.06984951556380126
淋湿,-0.06984951556380126
吃饭,-0.06984951556380126
做好,-0.06984951556380126
剥,-0.06984951556380126
冲淡,-0.06984951556380126
改进,-0.06984951556380126
耽误,-0.06984951556380126
裹,-0.06984951556380126
改良,-0.06984951556380126
调节,-0.06984951556380126
打通,-0.06984951556380126
耍,-0.06984951556380126
研发,-0.06984951556380126
改正,-0.06984951556380126
编造,-0.06984951556380126
制作,-0.06984951556380126
没完没了,-0.06984951556380126
帮助,-0.06984951556380126
推迟,-0.06984951556380126
浇,-0.06984951556380126
煎,-0.06984951556380126
延迟,-0.06984951556380126
吐槽,-0.06984951556380126
设置,-0.06984951556380126
糊嘴,-0.06984951556380126
延误,-0.06984951556380126
剥开,-0.06984951556380126
勾芡,-0.06984951556380126
造假,-0.06984951556380126
整顿,-0.06984951556380126
带来,-0.06984951556380126
稀释,-0.06984951556380126
晒,-0.06984951556380126
膨胀,-0.06984951556380126
打湿,-0.06984951556380126
捏,-0.06984951556380126
做到,-0.06984951556380126
穿,-0.06984951556380126
伺候,-0.06984951556380126
维持,-0.06984951556380126
拖,-0.06984951556380126
结成,-0.06984951556380126
提速,-0.06984951556380126
摧,-0.06984951556380126
改革,-0.06984951556380126
加工,-0.06984951556380126
称,-0.06971633204240585
败,-0.06966200466200465
决,-0.06966200466200465
随,-0.06956698787968138
提升,-0.06949977580406197
处理,-0.06909943847063521
解决,-0.06909943847063521
包,-0.06904761904761902
回应,-0.06904209457941243
操,-0.06899733964689858
专业,-0.0685238186954288
失败,-0.06843304843304841
订,-0.06836952822002651
延长,-0.06836952822002651
排,-0.06813489266977638
夜班,-0.0680959666563115
服务业,-0.06749609849546771
减免,-0.06720586431112749
组织,-0.06708463949843257
加速,-0.06708463949843255
改,-0.06708463949843255
修改,-0.06708463949843255
煎熬,-0.06706522590243516
选项,-0.06687273735955275
严惩,-0.06641269841269845
提前,-0.06608474649828033
晃,-0.06608474649828033
吊,-0.06602984054467614
收回,-0.06602984054467614
满分,-0.06599616858237552
下文,-0.06599616858237552
业务,-0.06599616858237552
突破,-0.06595165491391908
温暖,-0.06585858585858581
温热,-0.06585858585858581
微热,-0.06585858585858581
雪,-0.06583604209506372
吃不上,-0.06576575138356747
事情,-0.0653333333333333
占,-0.06509632742240123
赔,-0.06507899778797614
退,-0.06419722678343368
建筑,-0.06413589678295561
无,-0.06407726692209453
商务,-0.06397004528039012
生意,-0.06397004528039012
补,-0.06394918173987937
提,-0.06394918173987937
耽搁,-0.06394918173987937
各行各业,-0.06369731800766285
急事,-0.06369731800766285
紧急事件,-0.06369731800766285
禀,-0.0633846357984289
提高,-0.06317541200481311
扣,-0.06317541200481311
找,-0.06317471398914316
咨询,-0.06317471398914316
命令,-0.06292957729065443
劝告,-0.06292957729065443
忠告,-0.06292957729065443
办,-0.062473325120383956
赶不上,-0.06245098039215684
文艺,-0.062394992426267504
使用,-0.0622651528486769
选用,-0.0622651528486769
借,-0.0622651528486769
稀,-0.06222222222222226
一丝一毫,-0.06222222222222226
有限,-0.06222222222222226
寸,-0.06222222222222226
少量,-0.06222222222222226
更少,-0.06222222222222226
慢慢,-0.062222222222222234
黏糊,-0.062222222222222234
泥,-0.06212872832417426
介绍,-0.06212168794095313
开口,-0.06207173778602348
告,-0.06204085689135518
料理,-0.062018779665838485
安排,-0.062018779665838485
折,-0.061781478294324794
勉强,-0.06127946127946124
餐饮,-0.061033294166007446
值得,-0.0606936941582119
值,-0.0606936941582119
不值,-0.0606936941582119
拿,-0.06057974705033529
窝,-0.060520570479026835
暂停,-0.060038638186192296
惹,-0.05997396182083251
张嘴,-0.05979164411582661
差点儿,-0.05939393939393943
配不上,-0.05939393939393943
说不过去,-0.05939393939393943
强烈要求,-0.0593884582256675
请假,-0.0593884582256675
索赔,-0.0593884582256675
挑战,-0.0593884582256675
导航,-0.0593884582256675
误导,-0.0593884582256675
促销,-0.0593884582256675
售后服务,-0.05937588943623426
对待,-0.05918727697797461
抚慰,-0.05918727697797461
难倒,-0.05918727697797461
照,-0.058858789832093444
冲突,-0.058837433135284216
带,-0.05871397634516078
活儿,-0.05832731253420909
选择,-0.05808480968144832
评价,-0.05808480968144832
估计,-0.05808480968144832
不说,-0.05808480968144832
考虑,-0.05808480968144832
定位,-0.05808480968144832
点评,-0.05808480968144832
显示,-0.05808480968144832
培训,-0.05808480968144832
气死,-0.05808480968144832
忽悠,-0.05808480968144832
坑害,-0.05808480968144832
欺骗,-0.05808480968144832
辜负,-0.05808480968144832
标注,-0.05808480968144832
说谎,-0.05808480968144832
吓,-0.05808480968144832
作弊,-0.05808480968144832
表达,-0.05808480968144832
做主,-0.05808480968144832
吸引,-0.05808480968144832
气人,-0.05808480968144832
撒谎,-0.05808480968144832
得罪,-0.05808480968144832
打马虎眼,-0.05808480968144832
恐吓,-0.05808480968144832
威胁,-0.05808480968144832
瞎扯,-0.05808480968144832
预估,-0.05808480968144832
写,-0.05801598208086124
水煮,-0.05801598208086124
炖,-0.05801598208086124
喝,-0.05801598208086124
升级,-0.05801598208086124
炝,-0.05801598208086124
腊,-0.05801598208086124
焖,-0.05801598208086124
腌,-0.05801598208086124
吮,-0.05801598208086124
点火,-0.05801598208086124
凉拌,-0.05801598208086124
嚼,-0.05801598208086124
拯救,-0.05801598208086124
摄入,-0.05801598208086124
挽救,-0.05801598208086124
煸,-0.05801598208086124
煮,-0.05801598208086124
敲,-0.05801598208086124
烤制,-0.05801598208086124
撕,-0.05801598208086124
卤,-0.05801598208086124
切开,-0.05801598208086124
烙,-0.05801598208086124
油炸,-0.05801598208086124
灌,-0.05801598208086124
撕开,-0.05801598208086124
蒸,-0.05801598208086124
硌,-0.05801598208086124
煮熟,-0.05801598208086124
洗净,-0.05801598208086124
擦拭,-0.05801598208086124
烩,-0.05801598208086124
划破,-0.05801598208086124
清炒,-0.05801598208086124
白灼,-0.05801598208086124
冲开,-0.05801598208086124
种,-0.05801598208086124
热炒,-0.05801598208086124
红烧,-0.05801598208086124
剁,-0.05801598208086124
救,-0.05801598208086124
踢,-0.05801598208086124
踩,-0.05801598208086124
叉烧,-0.05801598208086124
涮,-0.05801598208086124
烘焙,-0.05801598208086124
搓,-0.05801598208086124
踹,-0.05801598208086124
开眼,-0.05801598208086124
下肚,-0.05801598208086124
打人,-0.05801598208086124
砣,-0.05801598208086124
准备,-0.05756082997462302
打水漂,-0.057555639623166926
点,-0.05739887889887888
骗,-0.056604822337673576
欺诈,-0.056604822337673576
兜,-0.05652769307840213
缩小,-0.056094753200016376
刷新,-0.056094753200016376
放弃,-0.05591368001151484
差别,-0.05572796934865903
差距,-0.05572796934865903
反差,-0.05572796934865903
配,-0.055724174869273356
糊弄,-0.05531993361607961
弹,-0.05490725640207205
任,-0.05490620490620489
算,-0.05478326171633933
要求,-0.05431093884582253
设计,-0.053785332314744104
计划,-0.053785332314744104
规划,-0.053785332314744104
理,-0.05376381867761173
包装,-0.05375441062483826
包裹,-0.05375441062483826
生产,-0.05361368789940212
游戏,-0.05361368789940212
摔,-0.0534144886024585
规定,-0.05324915824915826
卷,-0.053239321250041174
合计,-0.05293524889976665
电,-0.05282276546982428
表现,-0.052748305334512274
结束,-0.05240981240981246
天壤之别,-0.052352969348659024
沟通,-0.05218447585752644
登,-0.051934501258683756
咬,-0.05190011969081732
扯,-0.05190011969081732
拨,-0.05190011969081732
掏,-0.05190011969081732
咕嘟,-0.05189374193901324
服务行业,-0.05135037923215266
面,-0.051068169618894224
拥有,-0.051019750845824656
接,-0.050876321820594254
离,-0.050686036124238075
碰,-0.05064961253708979
害,-0.050639730639730623
物流,-0.05051549982584466
装,-0.050344953038882
刷,-0.05030189435609541
令人,-0.0502091767881242
坑,-0.04964646464646462
松懈,-0.049448329448329456
哑巴,-0.04943151216140559
药,-0.049252920680467306
穿着,-0.04919191919191915
规整,-0.04919191919191915
着,-0.048803418803418805
谢谢,-0.04873637280125197
开玩笑,-0.04873637280125197
推荐,-0.04873637280125197
点赞,-0.04873637280125197
夸,-0.04873637280125197
表扬,-0.04873637280125197
尝尝,-0.04873637280125197
说话,-0.04873637280125197
体贴,-0.04873637280125197
品尝,-0.04873637280125197
推广,-0.04873637280125197
保证,-0.04873637280125197
确认,-0.04873637280125197
诶,-0.04873637280125197
道歉,-0.04873637280125197
发誓,-0.04873637280125197
哭,-0.04873637280125197
致敬,-0.04873637280125197
预约,-0.04873637280125197
协商,-0.04873637280125197
着重,-0.04873637280125197
告知,-0.04873637280125197
祝福,-0.04873637280125197
抱怨,-0.04873637280125197
解释,-0.04873637280125197
对得起,-0.04873637280125197
保障,-0.04873637280125197
强烈推荐,-0.04873637280125197
狡辩,-0.04873637280125197
注明,-0.04873637280125197
填,-0.04873637280125197
形容,-0.04873637280125197
约定,-0.04873637280125197
吼,-0.04873637280125197
舔,-0.04873637280125197
聊天,-0.04873637280125197
摆明,-0.04873637280125197
吹捧,-0.04873637280125197
强调,-0.04873637280125197
承认,-0.04873637280125197
称赞,-0.04873637280125197
说定,-0.04873637280125197
吭声,-0.04873637280125197
打印,-0.04873637280125197
叹为观止,-0.04873637280125197
提倡,-0.04873637280125197
滴滴答答,-0.04873637280125197
计较,-0.04873637280125197
逗乐,-0.04873637280125197
理睬,-0.04873637280125197
鞠躬,-0.04873637280125197
回话,-0.04873637280125197
搞笑,-0.04873637280125197
描述,-0.04873637280125197
申诉,-0.04873637280125197
填写,-0.04873637280125197
研究,-0.04873637280125197
开具,-0.04873637280125197
赔礼道歉,-0.04873637280125197
认同,-0.04873637280125197
出彩,-0.04873637280125197
注解,-0.04873637280125197
致歉,-0.04873637280125197
捉弄,-0.04873637280125197
讨好,-0.04873637280125197
原定,-0.04873637280125197
商量,-0.04873637280125197
吵架,-0.04873637280125197
搭理,-0.04873637280125197
恭维,-0.04873637280125197
定下,-0.04805736045557295
打翻,-0.047666271713890755
交待,-0.04679336102257
吸收,-0.04657094367620686
拉面,-0.04643348445555577
拍,-0.04643348445555577
得,-0.04637099284158109
馊,-0.04630341880341879
糟烂,-0.04630341880341879
变质,-0.04630341880341879
烂掉,-0.04630341880341879
变味,-0.04630341880341879
出台,-0.0462485749258572
买好,-0.0462485749258572
没钱,-0.04618241805023415
低,-0.046077441077441064
很少,-0.046031746031746035
标明,-0.046022833375774556
油,-0.04584633153237799
隔,-0.04581274177725952
教练,-0.04574169087158427
饮,-0.04569370136283151
油腻,-0.045555555555555544
味道不好,-0.045555555555555544
油汪汪,-0.045555555555555544
贴,-0.045220750894116084
做,-0.04498340941172159
偏低,-0.04455723905723903
最低,-0.04455723905723903
取,-0.04433004731766345
坨,-0.04429789135778252
堆,-0.04429789135778252
停,-0.04417898193760271
收,-0.04417898193760271
发出,-0.04413487932284923
摆,-0.04413487932284923
捧,-0.04413487932284923
打算,-0.04411078328928227
饿,-0.043871644924276504
停机,-0.04383290267011194
花钱,-0.04383290267011194
骑马,-0.04383290267011194
骑车,-0.04383290267011194
换车,-0.04383290267011194
交涉,-0.043412107971489935
区别,-0.04332559210415221
错,-0.04272727272727268
答,-0.04262051041120805
啧啧,-0.04261413265940397
不佳,-0.042558922558922546
不划算,-0.042558922558922546
诈骗,-0.04197183554203206
对不住,-0.04180958457119549
采纳,-0.04180958457119549
笑,-0.04180958457119549
呲,-0.04180958457119549
想想,-0.04180958457119549
检查,-0.04180958457119549
询问,-0.04180958457119549
核对,-0.04180958457119549
搜,-0.04180958457119549
骂人,-0.04180958457119549
骂街,-0.04180958457119549
抢白,-0.04180958457119549
骂骂咧咧,-0.04180958457119549
叫唤,-0.04180958457119549
辩护,-0.04180958457119549
给出,-0.04180958457119549
对比,-0.04180958457119549
拒收,-0.04180958457119549
参考,-0.04180958457119549
心想,-0.04180958457119549
核实,-0.04180958457119549
指责,-0.04180958457119549
骂,-0.04180958457119549
拍下来,-0.04180958457119549
清点,-0.04180958457119549
诅咒,-0.04180958457119549
学习,-0.04180958457119549
嚷嚷,-0.04180958457119549
推辞,-0.04180958457119549
破口大骂,-0.04180958457119549
认出,-0.04180958457119549
嚷,-0.04180958457119549
相较,-0.04180958457119549
识别,-0.04180958457119549
黑,-0.04167628667628663
选,-0.041484452366805334
给予,-0.041415504573399334
炒,-0.04135751910794358
削,-0.04135751910794358
清洗,-0.04135751910794358
全程,-0.04123700054734537
标价,-0.041165923022700536
定价,-0.041165923022700536
来回,-0.04104753225053972
浪费时间,-0.041012653337196954
解渴,-0.041011586055691863
除湿,-0.041011586055691863
改名,-0.041011586055691863
充饥,-0.041011586055691863
盖住,-0.041011586055691863
泡软,-0.041011586055691863
利于,-0.041011586055691863
减肥,-0.04095815295815298
保温,-0.04095815295815298
结账,-0.04095815295815298
调味,-0.04095815295815298
保暖,-0.04095815295815298
解馋,-0.04095815295815298
成交,-0.04095815295815298
上不来,-0.04095815295815298
保鲜,-0.04095815295815298
速冻,-0.04095815295815298
压扁,-0.04095815295815298
混事,-0.04095815295815298
自备,-0.04095815295815298
达标,-0.04095815295815298
提炼,-0.04095815295815298
列表,-0.04095815295815298
削皮,-0.04095815295815298
特制,-0.04095815295815298
晾,-0.04095815295815298
配给,-0.04095815295815298
摆设,-0.04084127120060667
大事,-0.04071428571428569
烹饪,-0.04065904628797706
拼,-0.040588009513430535
烧烤,-0.04056904206904208
放下,-0.040371297635679475
凑,-0.040371297635679475
捡,-0.040371297635679475
退回,-0.040371297635679475
翻,-0.040370110257328305
醉,-0.04034594159916192
响,-0.04014394961763379
消费,-0.04009451006931621
饿死,-0.03985455090718247
投奔,-0.039514874702844614
捎,-0.039514874702844614
洒,-0.039514874702844614
离开,-0.039514874702844614
赔付,-0.039514874702844614
进门,-0.039514874702844614
外出,-0.039514874702844614
搬,-0.039514874702844614
小跑,-0.039514874702844614
保存,-0.039514874702844614
绕道,-0.039514874702844614
爬,-0.039514874702844614
走路,-0.039514874702844614
拿走,-0.039514874702844614
碰见,-0.039514874702844614
上门,-0.039514874702844614
回去,-0.039514874702844614
撤出,-0.039514874702844614
碰到,-0.039514874702844614
离去,-0.039514874702844614
进入,-0.039514874702844614
穿越,-0.039514874702844614
淌,-0.039514874702844614
步行,-0.039514874702844614
转悠,-0.039514874702844614
流出,-0.039514874702844614
颠簸,-0.039514874702844614
叼,-0.039514874702844614
勾结,-0.039514874702844614
粘着,-0.039514874702844614
遇见,-0.039514874702844614
晃悠,-0.039514874702844614
搬动,-0.039514874702844614
赔偿,-0.039514874702844614
卸载,-0.039514874702844614
拎,-0.039514874702844614
扒拉,-0.039514874702844614
辗转,-0.039514874702844614
多退少补,-0.039514874702844614
拴,-0.039514874702844614
奔跑,-0.039514874702844614
透过,-0.039514874702844614
抢,-0.03924823570424619
奶,-0.03915883501479972
定量,-0.03901301838258359
累,-0.03899470899470896
票,-0.038889890364748006
天机,-0.038491436100131685
拜,-0.03848479150852302
变形,-0.03846891204034055
转,-0.03833879673790196
用不着,-0.038095238095238085
取出,-0.03803488735906987
所有,-0.038024691358024734
总共,-0.038024691358024734
送,-0.03800050579120343
光顾,-0.03800050579120343
配送,-0.03800050579120343
买,-0.03800050579120343
派送,-0.03800050579120343
购买,-0.03800050579120343
拌,-0.03800050579120343
送达,-0.03800050579120343
到达,-0.03800050579120343
联系,-0.03800050579120343
支付,-0.03800050579120343
赠送,-0.03800050579120343
吐,-0.03800050579120343
光临,-0.03800050579120343
领取,-0.03800050579120343
纠结,-0.03800050579120343
搭配,-0.03800050579120343
卖,-0.03800050579120343
附送,-0.03800050579120343
提供,-0.03800050579120343
让给,-0.03800050579120343
买回来,-0.03800050579120343
留下,-0.03800050579120343
赚,-0.03800050579120343
扔,-0.03800050579120343
陪,-0.03800050579120343
赠,-0.03800050579120343
付出,-0.03800050579120343
付,-0.03800050579120343
代收,-0.03800050579120343
营销,-0.03800050579120343
返还,-0.03800050579120343
抵住,-0.03800050579120343
入驻,-0.03800050579120343
蹲,-0.03800050579120343
接通,-0.03800050579120343
退还,-0.03800050579120343
附赠,-0.03800050579120343
来到,-0.03800050579120343
送还,-0.03800050579120343
进驻,-0.03800050579120343
转接,-0.03800050579120343
提交,-0.03800050579120343
打交道,-0.03800050579120343
出售,-0.03800050579120343
退掉,-0.03800050579120343
追,-0.03800050579120343
软化,-0.03800050579120343
曰,-0.03800050579120343
惠顾,-0.03800050579120343
递,-0.03800050579120343
攥,-0.03800050579120343
连锁,-0.03800050579120343
图个,-0.03800050579120343
混杂,-0.03800050579120343
呵,-0.037993409793907085
奇迹,-0.03721752002786485
小事,-0.037192734801430385
跑,-0.036749998637475904
销售,-0.03668275561468146
加,-0.036668270137709826
量,-0.03649776149776147
追究,-0.03649776149776147
质问,-0.03649776149776147
监督,-0.03649776149776147
踩点,-0.03649776149776147
监管,-0.03649776149776147
交流,-0.03591874127477847
报价,-0.03579726715017459
加收,-0.03575010563732369
分成,-0.03571572406945726
左右,-0.03563607085346217
赐,-0.03562598581395573
补偿,-0.035593633427613534
粘,-0.035523944997629175
接近,-0.035523944997629175
顿,-0.035523944997629175
陪送,-0.03551825298862058
倒,-0.03527479091995221
悬殊,-0.0352681992337165
时差,-0.0352681992337165
铺,-0.03505459378181457
协议,-0.03502216505475202
价值,-0.034942482462472474
挤,-0.03471109535625666
恶劣,-0.03465378421900153
缺,-0.03455063455063455
尽快,-0.03444444444444446
先,-0.0344444444444444
退热,-0.034256025298578525
对路,-0.03423866770318545
适合,-0.03423866770318545
符合,-0.03423866770318545
包含,-0.03423866770318545
属,-0.03423866770318545
包括,-0.03423866770318545
匹配,-0.03423866770318545
相隔,-0.03423866770318545
冲着,-0.03423866770318545
引起,-0.03423866770318545
算上,-0.03423866770318545
组成,-0.03423866770318545
共计,-0.03423866770318545
朝着,-0.03423866770318545
打折扣,-0.03423866770318545
趁热,-0.03419087015196853
比美,-0.03407674712628273
好比,-0.03407674712628273
像是,-0.03407674712628273
貌似,-0.03407674712628273
看似,-0.03407674712628273
到手,-0.03396233065031019
查收,-0.03396233065031019
拿到,-0.03396233065031019
接到,-0.03396233065031019
取得,-0.03396233065031019
收下,-0.03396233065031019
叫,-0.033755383290266984
请,-0.033755383290266984
断,-0.033686677307366956
榨,-0.03366440546490275
咯,-0.03366440546490275
前来,-0.03366440546490275
萦绕,-0.03366440546490275
炸窝,-0.03366440546490275
躺,-0.03366440546490275
薅,-0.03366440546490275
蘸,-0.03366440546490275
喷,-0.03366440546490275
呕吐,-0.03366440546490275
浸,-0.03366440546490275
分送,-0.03366440546490275
溢出,-0.03366440546490275
倒入,-0.03366440546490275
吞咽,-0.03366440546490275
插进,-0.03366440546490275
浸透,-0.03366440546490275
骑,-0.03366440546490275
逃避,-0.03366440546490275
咽,-0.03366440546490275
浸泡,-0.03366440546490275
挤压,-0.03366440546490275
躲过,-0.03366440546490275
吃不下,-0.03328747956792322
用餐,-0.03328747956792322
偷吃,-0.03328747956792322
咬不动,-0.03328747956792322
做饭,-0.03328747956792322
点击,-0.03328747956792322
喝粥,-0.03328747956792322
打脸,-0.03328747956792322
按错,-0.03328747956792322
放牛,-0.03328747956792322
打碎,-0.03328747956792322
做菜,-0.03328747956792322
喝水,-0.03328747956792322
放屁,-0.03328747956792322
分种,-0.03328747956792322
就餐,-0.03328747956792322
忌口,-0.03328747956792322
敲门,-0.03328747956792322
回锅,-0.03328747956792322
救命,-0.03328747956792322
流汗,-0.03328747956792322
养生,-0.03328747956792322
吃得下,-0.03328747956792322
抽烟,-0.03328747956792322
吃得了,-0.03328747956792322
吃素,-0.03328747956792322
满头大汗,-0.03328747956792322
吖,-0.03309835173520068
撤销,-0.033000505791203484
趴,-0.03298539311922373
塌,-0.03298539311922373
耐性,-0.0328544061302682
反映,-0.032835679523659074
沾,-0.03279111330425468
团,-0.0327568922305764
打电话,-0.032722858840505915
预定,-0.032722858840505915
通电话,-0.032722858840505915
通话,-0.032722858840505915
欢迎,-0.032722858840505915
挑毛病,-0.032722858840505915
评分,-0.032722858840505915
打错,-0.032722858840505915
明码标价,-0.032722858840505915
关,-0.03268398268398266
串,-0.032516869095816484
糊,-0.0323279899141968
熊,-0.032323232323232295
预计,-0.03231107288113197
预期,-0.03231107288113197
预想,-0.03231107288113197
可想而知,-0.03231107288113197
屯,-0.03213883001139963
吉尼斯世界纪录,-0.03213336057301576
听,-0.032077909828334306
价格,-0.03183574879227053
特价,-0.03183574879227053
价钱,-0.03183574879227053
原价,-0.03183574879227053
价位,-0.03183574879227053
余温,-0.03183574879227053
岁数,-0.03183574879227053
起价,-0.03183574879227053
年龄,-0.03183574879227053
年纪,-0.03183574879227053
热量,-0.03183574879227053
滴,-0.03173709692506684
破损,-0.03159223703341349
较晚,-0.031499999999999986
标识,-0.03146846191603227
掏空,-0.03141470282760321
只有,-0.031247563352826427
输液,-0.031053437014731775
打点滴,-0.031053437014731775
错觉,-0.03091954022988505
发送,-0.030883291017121686
忙,-0.030744053437601768
亏,-0.030722222222222248
掉,-0.030719857835607413
酱,-0.03067791823947906
拒绝,-0.030627040250135636
侧,-0.0303404525807272
煲,-0.030282970820855862
动,-0.030268523746784598
上课,-0.030216102083749148
麻烦,-0.03015873015873015
分开,-0.030146077251340442
分离,-0.030146077251340442
吞,-0.030146077251340442
赞,-0.03000238782381636
泡,-0.02997674418604647
账号,-0.029879227053140105
拆开,-0.029828697052805733
跳,-0.029828697052805733
涩,-0.029797979797979726
组合,-0.029784167715918734
标,-0.029470274917845277
免费,-0.029444444444444398
传递,-0.02922892893017369
运输,-0.02922892893017369
运送,-0.02922892893017369
水泡,-0.029188058748403592
传达,-0.029180426638307153
让,-0.02916492863861289
推说,-0.028972858840505884
戳,-0.028876863876863855
浆,-0.028825521119968923
理论,-0.028790673264357483
方便,-0.028653530377668282
废,-0.028653530377668282
自欺欺人,-0.028404677022324083
一路,-0.028403575989782916
前提,-0.028403575989782916
锁,-0.02834015936865663
入口,-0.028333017973537357
喂猪,-0.02833133921704606
来得及,-0.028170722143801397
属于,-0.028170722143801397
冰,-0.028148148148148172
骗人,-0.0280800016976488
抬头,-0.027961600043979927
炒菜,-0.02782097205530755
剪,-0.02782097205530755
腹泻,-0.0277281822051937
出血,-0.027573696145124664
犯,-0.02741154305670432
原因,-0.027107279693486627
缘故,-0.027107279693486627
过程,-0.027107279693486627
缘由,-0.027107279693486627
现象,-0.027107279693486627
流程,-0.027107279693486627
提示,-0.02679175307219673
赞不绝口,-0.02679175307219673
打广告,-0.02679175307219673
力荐,-0.02679175307219673
过生日,-0.02679175307219673
过节,-0.02679175307219673
哼,-0.02679175307219673
耍流氓,-0.02679175307219673
扯淡,-0.02679175307219673
直视,-0.02679175307219673
庆生,-0.02679175307219673
无言以对,-0.02679175307219673
切块,-0.02674901802946167
指,-0.026648188763938284
代表,-0.026648188763938284
预订,-0.02650692992376514
题,-0.026400989145732662
下,-0.02633477633477624
岔,-0.026298035921131356
控,-0.0262980359211313
大,-0.026094276094276114
风尘,-0.026050364602644926
事件,-0.026009159922203387
事项,-0.026009159922203387
项目,-0.026009159922203387
站,-0.025969367524180588
吹,-0.02571375018743438
砸,-0.02571375018743438
矛盾,-0.025696708414099767
按,-0.025674575209458893
调头,-0.025540848310678564
速递,-0.025397191491568022
坚硬,-0.02505747126436776
塞,-0.024992899712853303
换,-0.024955402705827176
坚持,-0.024955402705827176
中分,-0.024955402705827176
添加,-0.024955402705827176
更换,-0.024955402705827176
去取,-0.024955402705827176
延时,-0.024955402705827176
外加,-0.024955402705827176
退换,-0.024955402705827176
外带,-0.024955402705827176
更新,-0.024955402705827176
耗费,-0.024955402705827176
替补,-0.024955402705827176
轮班,-0.024955402705827176
代替,-0.024955402705827176
省掉,-0.024955402705827176
散架,-0.024955402705827176
协调,-0.024955402705827176
闷,-0.0248928466169845
门牌号,-0.02466782145981928
非,-0.024385469602860907
参加,-0.024249382571494886
上网,-0.024153953856287498
吃不饱,-0.02411667515115796
吸取教训,-0.02408649520414225
胃痛,-0.024057450497876623
食,-0.024049403201907356
附,-0.02390808744798563
这里,-0.02374396135265698
那儿,-0.02374396135265698
这边,-0.02374396135265698
那边,-0.02374396135265698
那里,-0.02374396135265698
这儿,-0.02374396135265698
吵,-0.023733693207377435
太少,-0.023722222222222242
一点点,-0.023722222222222242
一丁点儿,-0.023722222222222242
半点,-0.023722222222222242
一星半点,-0.023722222222222242
上调,-0.023619354145755042
料,-0.02361730443647527
没有,-0.02355625217694183
没,-0.02355625217694183
大杂烩,-0.023424770581633295
这年头,-0.023424770581633253
意外,-0.023415977843835756
盛宴,-0.023378570152519956
成果,-0.023207654414550978
门,-0.023198970288219815
冻,-0.02316239316239317
开门,-0.023043006709068378
轮,-0.023025578144423672
补给,-0.022990878249899906
摆渡,-0.022892324063890544
缺少,-0.022734395234395258
欠缺,-0.022734395234395258
交,-0.022628667628667498
极致,-0.02256139759577576
想象,-0.02246939281565604
找到,-0.02246939281565604
哼哼哈哈,-0.02246939281565604
谎称,-0.02246939281565604
想像,-0.02246939281565604
三思,-0.02246939281565604
明说,-0.02246939281565604
实话实说,-0.02246939281565604
掂量,-0.02246939281565604
一口咬定,-0.02246939281565604
查出,-0.02246939281565604
尖叫,-0.02246939281565604
直说,-0.02246939281565604
找出,-0.02246939281565604
接电话,-0.022249501531622425
接听,-0.022249501531622425
本身,-0.02217171717171719
东西,-0.022138910472243784
热,-0.022136301701519007
冷天,-0.022082713545188204
赶快,-0.02188034188034184
幼稚,-0.021861471861471832
没到,-0.02182582582582583
一眼,-0.02146464646464645
噩梦,-0.021416200379771044
报丧,-0.021366916819250466
避开,-0.021232176088537245
门卫,-0.021230962985506273
保安,-0.021230962985506273
球,-0.021078631138975984
数,-0.021041385515069733
借口,-0.02079240682688962
礼拜,-0.020764163372858954
手工,-0.020488455988456
瞻仰,-0.02025329153373518
回电,-0.020036228988562617
建议,-0.02001956637218137
晚一点,-0.0198333333333333
送到,-0.019723904355483296
足不出户,-0.019723904355483296
出门,-0.019723904355483296
下楼,-0.019723904355483296
碰上,-0.019723904355483296
上楼,-0.019723904355483296
离家,-0.019723904355483296
排列,-0.019723904355483296
赶回,-0.019723904355483296
带回家,-0.019723904355483296
没收,-0.019723904355483296
回家,-0.019723904355483296
匍匐前进,-0.019723904355483296
出外,-0.019723904355483296
发臭,-0.019723904355483296
跪,-0.019723904355483296
装到,-0.019723904355483296
义无反顾,-0.019723904355483296
开过,-0.019723904355483296
骑上,-0.019723904355483296
冷藏,-0.019723904355483296
狂奔,-0.019723904355483296
转身,-0.019723904355483296
早起,-0.019636913230594646
餐,-0.019606456034002635
碎渣,-0.019594753905098752
碎屑,-0.019594753905098752
圈,-0.019363122034957526
时候,-0.01935225268558595
逗,-0.01932659932659933
展会,-0.0192676330043743
请客,-0.019219392815656065
目测,-0.019207853338288172
诊断,-0.019207853338288172
抵,-0.019065924615460243
爆,-0.01895662573294156
炸,-0.01895662573294156
凉,-0.018900543900543826
教训,-0.018730488525997763
伤,-0.0185042735042735
功夫,-0.018453984287317537
噎,-0.01843932922006008
降低,-0.018435453435453483
格,-0.01836398467432951
直线,-0.01836398467432951
异物,-0.01836398467432951
老少,-0.018253968253968245
年轻,-0.018253968253968245
夹,-0.018248007770078997
稀烂,-0.018088578088578028
分层,-0.018052568697729948
到付,-0.017891051728261012
货到付款,-0.017891051728261012
订购,-0.017891051728260998
送给,-0.017891051728260998
挣钱,-0.017891051728260998
家住,-0.017891051728260998
退钱,-0.017891051728260998
购物,-0.017891051728260998
退款,-0.017891051728260998
住院,-0.017891051728260998
给钱,-0.017891051728260998
退货,-0.017891051728260998
交款,-0.017891051728260998
坑人,-0.017891051728260998
赚钱,-0.017891051728260998
卖出,-0.017891051728260998
骗钱,-0.017891051728260998
付账,-0.017891051728260998
代购,-0.017891051728260998
掏钱,-0.017891051728260998
付现,-0.017891051728260998
淘宝,-0.017891051728260998
滥竽充数,-0.017891051728260998
为主,-0.017891051728260998
合伙,-0.017891051728260998
批发,-0.017891051728260998
强买强卖,-0.017891051728260998
找不开,-0.017891051728260998
偿命,-0.017891051728260998
找零,-0.017891051728260998
死心,-0.017891051728260998
付钱,-0.017891051728260998
接线,-0.017891051728260998
进货,-0.017891051728260998
吃请,-0.0178874962639319
折扣,-0.01786106259766522
课,-0.01783608722171063
早早,-0.01777777777777774
早日,-0.01777777777777774
趁早,-0.01777777777777774
事先,-0.01777777777777774
迟早,-0.01777777777777774
反省,-0.017470829597265224
爆胎,-0.017425213675213644
坏掉,-0.017425213675213644
到处,-0.017394755003450627
满地,-0.017394755003450627
满处,-0.017394755003450627
变成,-0.017295663983643524
换成,-0.017295663983643524
变得,-0.017295663983643524
显得,-0.017295663983643524
体现,-0.017295663983643524
灌肠,-0.01711093565932277
周期,-0.01707556423242689
有味,-0.016944444444444415
报警,-0.016896873246265716
拉倒,-0.016814882032667906
证明,-0.01645093283556539
在家,-0.016423963943953956
正合适,-0.016423963943953956
略带,-0.016423963943953956
不合,-0.016423963943953956
减去,-0.016423963943953956
导致,-0.016423963943953956
不符,-0.016423963943953956
难以,-0.016423963943953956
乘以,-0.016423963943953956
出于,-0.016423963943953956
正是,-0.016423963943953956
出人命,-0.016423963943953956
造成,-0.016423963943953956
在于,-0.016423963943953956
处在,-0.016423963943953956
闻着,-0.016423963943953956
纯属,-0.016423963943953956
停止,-0.016401204159824948
送货,-0.016241375936752282
发货,-0.016241375936752282
漏油,-0.016241375936752282
排队,-0.016241375936752282
难免,-0.016241375936752282
吐痰,-0.016241375936752282
赶到,-0.016241375936752282
倒掉,-0.016241375936752282
逃荒,-0.016241375936752282
发短信,-0.016241375936752282
赶往,-0.016241375936752282
漏电,-0.016241375936752282
避风,-0.016241375936752282
漏光,-0.016241375936752282
收费,-0.016197135911421655
麻,-0.016152882205513766
错误,-0.01610389610389605
理由,-0.01601307189542482
呃,-0.016011131821476676
最高,-0.015890572390572365
结婚,-0.015627684106377354
拍照,-0.015558667435103056
配合,-0.015354788362394893
病,-0.015315311531909147
流血,-0.015113378684807229
拨打,-0.01489057102214994
拨通,-0.01489057102214994
整体,-0.014877762034624736
之类,-0.014877762034624736
流,-0.014812654665015815
仅供参考,-0.014763833727137077
递给,-0.014621820959030252
发给,-0.014621820959030252
还给,-0.014621820959030252
交给,-0.014621820959030252
嫁给,-0.014621820959030252
出,-0.014605911330049251
古老,-0.01455555555555553
社会,-0.014227621037965876
把,-0.014148497213703197
业界,-0.014123349152043572
礼品,-0.014021675565725908
礼物,-0.014021675565725908
附近,-0.013966183574879193
北方,-0.013966183574879193
中间,-0.013966183574879193
后面,-0.013966183574879193
北,-0.013966183574879193
其中,-0.013966183574879193
边上,-0.013966183574879193
中途,-0.013966183574879193
前后,-0.013966183574879193
周围,-0.013966183574879193
旁边,-0.013966183574879193
东南西北,-0.013966183574879193
东边,-0.013966183574879193
角落,-0.013966183574879193
一前一后,-0.013966183574879193
留言,-0.013662933866940799
跟踪,-0.013662933866940799
致电,-0.013662933866940799
今天,-0.013646992803855472
昨天,-0.013646992803855472
明天,-0.013646992803855472
改天,-0.013646992803855472
半天,-0.013646992803855472
近期,-0.013646992803855472
一刻,-0.013646992803855472
严寒,-0.013632713545188205
上面,-0.013605008899059218
上边,-0.013605008899059218
比不上,-0.013565844200519123
签收,-0.013485752667338341
大家,-0.013475333656157884
我家,-0.013262452107279707
你家,-0.013262452107279707
咱家,-0.013262452107279707
评论,-0.01323127168505319
评,-0.01323127168505319
胡说,-0.01323127168505319
胡说八道,-0.01323127168505319
奔走相告,-0.013185442817021747
过年,-0.013059800037728685
反应,-0.013005959305472263
快递,-0.01299297693218103
EMS,-0.01299297693218103
送货上门,-0.01299297693218103
安检,-0.01299297693218103
扔给,-0.012972145167521536
鉴定,-0.012915218549851136
精品,-0.01274642981539531
极品,-0.01274642981539531
正品,-0.01274642981539531
亮,-0.012734319943622258
行为,-0.012606268636016868
举动,-0.012606268636016868
午餐,-0.012597496706192299
午饭,-0.012597496706192299
中午饭,-0.012597496706192299
晚饭,-0.012597496706192299
正餐,-0.012597496706192299
早饭,-0.012597496706192299
早餐,-0.012597496706192299
晚餐,-0.012597496706192299
中饭,-0.012597496706192299
群殴,-0.012597496706192299
临界点,-0.012466183574879192
至少,-0.012388888888888873
极少,-0.012388888888888873
配餐,-0.012293856352981879
中毒,-0.012242961378260954
等待,-0.012107279693486628
作罢,-0.012107279693486628
不干,-0.012107279693486628
罢了,-0.012107279693486628
干活,-0.012107279693486628
周日,-0.012035881692744367
那晚,-0.012035881692744367
周六,-0.012035881692744367
腊八,-0.012035881692744367
季节,-0.012035881692744367
困,-0.011972730972730994
薄片,-0.011863984674329517
硬结,-0.011863984674329517
误解,-0.011805858741964236
误会,-0.011805858741964236
及格,-0.011774891774891827
称职,-0.011774891774891827
能耐,-0.011774891774891827
标准,-0.011774891774891827
说法,-0.011764510601841964
封口,-0.0117442576841073
走,-0.011690990169251028
合,-0.011640211640211645
韧性,-0.011545628700801114
韧劲,-0.011545628700801114
地址,-0.011517067719012758
目的地,-0.011517067719012758
梦游,-0.011450140733849506
偏高,-0.011223905723905706
虫,-0.011111111111111169
溜,-0.010993384725982311
运气,-0.010980941529776037
风味,-0.010931222984998698
关门,-0.01084291187739471
作为,-0.010780098387807746
表示,-0.010765744619526167
高峰期,-0.01060853126539392
量变,-0.01047628458498022
谢,-0.010402394876079066
这种,-0.01018115942028984
那种,-0.01018115942028984
详情,-0.01018115942028984
是非,-0.010113655293565324
关系,-0.01000293148992986
挂,-0.009865976359364974
意,-0.009764378060524097
五体投地,-0.009702914398290734
上传,-0.009513692520330984
法式,-0.009505582137161128
饿肚子,-0.009266381766381754
疲倦,-0.009266381766381754
饿坏,-0.009266381766381754
跟不上,-0.009266381766381754
破产,-0.009266381766381754
蔫,-0.009266381766381754
次之,-0.009266381766381754
走下坡路,-0.009266381766381754
投诉,-0.009201665137613543
接点,-0.009132850241545865
起点,-0.009132850241545865
拼图,-0.009097496706192296
工作餐,-0.009097496706192296
午觉,-0.009097496706192296
下午茶,-0.009097496706192296
越野,-0.009097496706192296
大火,-0.009082713545188206
本人,-0.009072844101538517
豪杰,-0.009072844101538517
巧手,-0.009072844101538517
傻子,-0.009072844101538517
自个儿,-0.009072844101538517
二百五,-0.009072844101538517
好人,-0.009072844101538517
人才,-0.009072844101538517
完成,-0.009055944055944051
完毕,-0.009055944055944051
丸,-0.008987338024640731
对面,-0.008938405797101423
熟门熟路,-0.008932891022070552
忍住,-0.008917378917378913
早点,-0.00890909090909088
配备,-0.008890208890208896
配置,-0.008890208890208896
调度,-0.008890208890208896
管理,-0.008890208890208896
错开,-0.008890208890208896
对付,-0.008890208890208896
腐烂,-0.008888888888888863
一上午,-0.008861278518141183
纪录,-0.008602908249955021
记录,-0.008602908249955021
优点,-0.008591083246255654
一点,-0.008550543024227183
再犯,-0.008475095785440631
久等,-0.008475095785440631
结算,-0.008456089937487463
切,-0.008449426080610549
夹生饭,-0.008430460337543098
裂,-0.008429327000755528
筋斗,-0.008417224597348769
卫生,-0.008390804597701099
创意,-0.008331079558260096
更改,-0.008286128068342162
操作,-0.008286128068342162
改为,-0.008286128068342162
活动,-0.008255309505309533
装着,-0.008253740513255857
周末,-0.008239585396448076
冬至,-0.008239585396448076
大寒,-0.008239585396448076
要命,-0.008173881673881653
单面,-0.008112301101591182
等待时间,-0.008088685763465595
碎片,-0.008081568190263816
打折,-0.008074045051973754
加价,-0.008074045051973754
扳回,-0.008074045051973754
换人,-0.008074045051973754
缺斤短两,-0.008074045051973733
涨工资,-0.008074045051973698
加薪,-0.008074045051973698
风驰电掣,-0.008074045051973698
耗时,-0.008074045051973698
加盐,-0.008074045051973698
扣款,-0.008074045051973698
掺,-0.008074045051973698
兑,-0.008074045051973698
省钱,-0.008074045051973698
没事找事,-0.008074045051973698
售后,-0.007942849665501864
方面,-0.007870160414210736
层,-0.007870160414210736
双层,-0.007870160414210736
营养,-0.007870160414210695
计时,-0.007863247863247866
宝宝,-0.007774142802837218
少年,-0.007774142802837218
负责人,-0.007774142802837218
儿童,-0.007774142802837218
年轻人,-0.007774142802837218
小朋友,-0.007774142802837218
成年人,-0.007774142802837218
小孩,-0.007774142802837218
婴幼儿,-0.007774142802837218
娃娃,-0.007774142802837218
小宝宝,-0.007774142802837218
鲜果,-0.007774142802837218
进行,-0.007765324307974046
良辰,-0.007762377419240088
小吃,-0.007718120393873616
加餐,-0.007718120393873616
快餐,-0.007718120393873616
小食,-0.007718120393873616
冷餐,-0.007718120393873616
饼,-0.007662835249042196
丝,-0.007662835249042196
嘴,-0.007662835249042196
块,-0.007662835249042196
条,-0.007662835249042196
蛋,-0.007662835249042196
牙,-0.007662835249042196
粒,-0.007662835249042196
究竟,-0.007662835249042196
货品,-0.007662835249042196
鸡心,-0.007662835249042196
膜,-0.007662835249042196
面子,-0.007662835249042196
死扣,-0.007662835249042196
丫,-0.007662835249042196
高位,-0.007655906895037312
标志,-0.007637278890475836
口,-0.007599040065691023
口子,-0.007599040065691023
当年,-0.007508378868140146
下课,-0.00749556362169794
外面,-0.007466183574879215
里面,-0.007466183574879215
之内,-0.007466183574879215
里边,-0.007466183574879215
屋里,-0.007466183574879215
之间,-0.007466183574879215
以外,-0.007466183574879215
面前,-0.007466183574879215
里头,-0.007466183574879215
当中,-0.007466183574879215
以内,-0.007466183574879215
东北,-0.007466183574879215
里外,-0.007466183574879215
水下,-0.007466183574879215
之下,-0.007466183574879215
城里,-0.007466183574879215
固体,-0.007466183574879159
行程,-0.007351658533524902
盖子,-0.007256724115419749
瓶盖,-0.007256724115419749
完,-0.007165242165242211
现在,-0.007146992803855459
以后,-0.007146992803855459
寒冬,-0.007146992803855459
如今,-0.007146992803855459
这时候,-0.007146992803855459
这时,-0.007146992803855459
今日,-0.007146992803855459
现如今,-0.007146992803855459
半夜三更,-0.007146992803855459
此生,-0.007146992803855459
丸子,-0.007017094017094008
假,-0.0070121504904113174
吧唧,-0.0070112435580522575
主题,-0.007006556245686663
神经病,-0.00686049132296597
胃病,-0.00686049132296597
比,-0.006854806096458652
霸王,-0.006715941744636154
足,-0.006666666666666682
俩,-0.006666666666666682
马上,-0.006666666666666682
就要,-0.006666666666666682
一个半,-0.006666666666666682
充足,-0.006666666666666682
急急忙忙,-0.006666666666666682
赶紧,-0.006666666666666682
立马,-0.006666666666666682
一半,-0.006666666666666682
顿时,-0.006666666666666682
一切,-0.006666666666666682
足够,-0.006666666666666682
绰绰有余,-0.006666666666666682
样样,-0.006666666666666682
即时,-0.006666666666666682
当时,-0.006666666666666682
饱满,-0.006666666666666682
两,-0.006666666666666682
单人,-0.006666666666666682
半拉,-0.006666666666666682
一共,-0.006666666666666682
立即,-0.006666666666666682
急火火,-0.006666666666666682
各位,-0.006666666666666682
倍,-0.006666666666666682
立刻,-0.006666666666666682
半截,-0.006666666666666682
小半,-0.006666666666666682
两重,-0.006666666666666682
仓促,-0.006666666666666682
双双,-0.006666666666666682
唯独,-0.006666666666666682
唯有,-0.006666666666666682
鲜嫩,-0.006666666666666626
寒冷,-0.006666666666666626
久,-0.006666666666666626
好几年,-0.006666666666666626
湿,-0.006666666666666626
热乎乎,-0.006666666666666626
清凉,-0.006666666666666626
热腾腾,-0.006666666666666626
好久,-0.006666666666666626
松软,-0.006666666666666626
久久,-0.006666666666666626
大号,-0.006666666666666626
中号,-0.006666666666666626
稠,-0.006666666666666626
中小,-0.006666666666666626
严实,-0.006666666666666626
出乎意料,-0.006666666666666626
严密,-0.006666666666666626
袖珍,-0.006666666666666626
长时间,-0.006666666666666626
中型,-0.006666666666666626
有史以来,-0.006666666666666626
热气腾腾,-0.006666666666666626
已久,-0.006666666666666626
瞬间,-0.006666666666666626
黏糊糊,-0.006666666666666626
黏,-0.006666666666666626
日久天长,-0.006666666666666626
冰凉,-0.006666666666666626
眼看,-0.006666666666666626
一下子,-0.006666666666666626
粘糊糊,-0.006666666666666626
永远,-0.006666666666666626
软和,-0.006666666666666626
临时,-0.006666666666666626
突然,-0.006666666666666626
默默,-0.006666666666666626
迷你,-0.006666666666666626
湿漉漉,-0.006666666666666626
逐步,-0.006666666666666626
软塌塌,-0.006666666666666626
湿透,-0.006666666666666626
清汤寡水,-0.006666666666666626
烂乎乎,-0.006666666666666626
十万八千里,-0.006666666666666626
跟前,-0.006666666666666626
暂且,-0.006666666666666626
薄薄,-0.006666666666666626
湿软,-0.006666666666666626
凉嗖嗖,-0.006666666666666626
凉冰冰,-0.006666666666666626
粘稠,-0.006666666666666626
短期,-0.006666666666666626
默默地,-0.006666666666666626
长久,-0.006666666666666626
冲天,-0.006666666666666626
号,-0.006601941979881523
嘎巴,-0.00653069153069151
总部,-0.006422065927820381
本次,-0.006384863123993542
这回,-0.006384863123993542
此次,-0.006384863123993542
青,-0.006349206349206327
沙子,-0.006349206349206313
星星,-0.006349206349206313
元旦,-0.006341437248299928
哈气,-0.0061176753771184506
辣味,-0.006042334096109811
咸淡,-0.006042334096109811
甜味,-0.006042334096109811
甜度,-0.006042334096109811
苦味,-0.006042334096109811
怪味,-0.006042334096109811
酸味,-0.006042334096109811
咸味,-0.006042334096109811
挂断,-0.006005828645960762
一盘散沙,-0.005907655146785568
新年,-0.005906353148742174
辣,-0.005868205868205842
停电,-0.005863984674329567
2,-0.005847953216374185
20,-0.005847953216374185
7,-0.005847953216374185
13,-0.005847953216374185
1,-0.005847953216374185
一,-0.005847953216374185
9,-0.005847953216374185
32,-0.005847953216374185
唯一,-0.005847953216374185
六,-0.005847953216374185
10,-0.005847953216374185
15,-0.005847953216374185
45,-0.005847953216374185
25,-0.005847953216374185
100,-0.005847953216374185
5,-0.005847953216374185
8,-0.005847953216374185
3,-0.005847953216374185
40,-0.005847953216374185
二十,-0.005847953216374185
12,-0.005847953216374185
11,-0.005847953216374185
17,-0.005847953216374185
30,-0.005847953216374185
55,-0.005847953216374185
4,-0.005847953216374185
80,-0.005847953216374185
50,-0.005847953216374185
38,-0.005847953216374185
一万,-0.005847953216374185
三分之二,-0.005847953216374185
16,-0.005847953216374185
59,-0.005847953216374185
05,-0.005847953216374185
29,-0.005847953216374185
五十,-0.005847953216374185
28,-0.005847953216374185
18,-0.005847953216374185
三,-0.005847953216374185
60,-0.005847953216374185
6,-0.005847953216374185
24,-0.005847953216374185
19,-0.005847953216374185
200,-0.005847953216374185
四分之一,-0.005847953216374185
六分之一,-0.005847953216374185
三十,-0.005847953216374185
十五,-0.005847953216374185
平均,-0.005847953216374185
仨,-0.005847953216374185
四十五,-0.005847953216374185
58,-0.005847953216374185
四十,-0.005847953216374185
22,-0.005847953216374185
33,-0.005847953216374185
90,-0.005847953216374185
04,-0.005847953216374185
39,-0.005847953216374185
99,-0.005847953216374185
106,-0.005847953216374185
14,-0.005847953216374185
35,-0.005847953216374185
36,-0.005847953216374185
108,-0.005847953216374185
23,-0.005847953216374185
21,-0.005847953216374185
光是,-0.005847953216374185
07,-0.005847953216374185
111,-0.005847953216374185
09,-0.005847953216374185
08,-0.005847953216374185
95,-0.005847953216374185
二,-0.005847953216374185
0,-0.005847953216374185
96,-0.005847953216374185
110,-0.005847953216374185
57,-0.005847953216374185
400,-0.005847953216374185
四,-0.005847953216374185
54,-0.005847953216374185
八,-0.005847953216374185
三分之一,-0.005847953216374185
五,-0.005847953216374185
43,-0.005847953216374185
26,-0.005847953216374185
500,-0.005847953216374185
五分之一,-0.005847953216374185
85,-0.005847953216374185
87,-0.005847953216374185
86,-0.005847953216374185
82,-0.005847953216374185
一两,-0.005847953216374185
52,-0.005847953216374185
47,-0.005847953216374185
46,-0.005847953216374185
70,-0.005847953216374185
02,-0.005847953216374185
62,-0.005847953216374185
49,-0.005847953216374185
81,-0.005847953216374185
102,-0.005847953216374185
67,-0.005847953216374185
89,-0.005847953216374185
103,-0.005847953216374185
42,-0.005847953216374185
101,-0.005847953216374185
06,-0.005847953216374185
41,-0.005847953216374185
75,-0.005847953216374185
四分之三,-0.005847953216374185
01,-0.005847953216374185
53,-0.005847953216374185
三百,-0.005847953216374185
27,-0.005847953216374185
300,-0.005847953216374185
94,-0.005847953216374185
92,-0.005847953216374185
71,-0.005847953216374185
34,-0.005847953216374185
48,-0.005847953216374185
68,-0.005847953216374185
73,-0.005847953216374185
51,-0.005847953216374185
88,-0.005847953216374185
31,-0.005847953216374185
107,-0.005847953216374185
93,-0.005847953216374185
104,-0.005847953216374185
44,-0.005847953216374185
一百,-0.005847953216374185
61,-0.005847953216374185
66,-0.005847953216374185
84,-0.005847953216374185
十七,-0.005847953216374185
105,-0.005847953216374185
98,-0.005847953216374185
1000,-0.005847953216374185
十分之一,-0.005847953216374185
内外,-0.005799849085078218
半,-0.005793650793650795
废墟,-0.005709773318468947
灵气,-0.005704719609892023
下班,-0.005683804494149389
点菜,-0.005634302061848673
火烧,-0.005606416786382809
贴饼子,-0.005606416786382809
泡饭,-0.005606416786382809
乡巴佬,-0.005576340605035014
当天,-0.005390582547445219
有点像,-0.005378381336585664
其它,-0.005363984674329525
微波,-0.005363984674329525
鼻子,-0.005325832697686217
耳朵,-0.005325832697686217
水军,-0.005325832697686217
尾,-0.005320834737669894
瘦肉,-0.005299516908212537
绝壁,-0.005299516908212537
原样,-0.005292270531400953
缺点,-0.005290169600514427
美中不足,-0.005290169600514427
血,-0.00523234216225224
大热天,-0.00519699280385548
上火,-0.005162703640964515
做错,-0.005162703640964515
生病,-0.005162703640964515
有病,-0.005162703640964515
出错,-0.005162703640964515
肘,-0.005159877268572893
螺丝,-0.005159877268572893
舒,-0.005137844611528802
张,-0.005137844611528802
片,-0.005137844611528802
车,-0.005137844611528802
吹风,-0.0050590762620837185
工作日,-0.005045641452504121
今儿,-0.004980326137188809
去年,-0.004980326137188809
第二天,-0.004980326137188809
那天,-0.004980326137188809
今年,-0.004980326137188809
前天,-0.004980326137188809
前一天,-0.004980326137188809
端午,-0.004946445366465921
端午节,-0.004946445366465921
春节,-0.004946445366465921
天际,-0.004801289957857918
第一天,-0.004783356440219114
仔,-0.0047351216388160575
姑娘,-0.0047351216388160575
大人,-0.0047351216388160575
真相,-0.0047013614404918525
低价,-0.004666666666666666
高价,-0.004666666666666666
产生,-0.004642401021711394
花儿,-0.00459875933245496
事物,-0.004489337822671122
门把手,-0.004466183574879212
达到,-0.004447637421239901
它,-0.004444444444444473
对方,-0.0043455713742657845
咸菜,-0.0043455713742657845
别人,-0.0043455713742657845
原始人,-0.0043455713742657845
瘦子,-0.0043455713742657845
胖子,-0.0043455713742657845
肝,-0.004321642627649447
假期,-0.004308737882267252
肥肉,-0.004216183574879212
脊梁,-0.004216183574879212
天气,-0.004203129527673148
灾难,-0.004203129527673148
事故,-0.004203129527673148
长短,-0.004203129527673148
哈哈,-0.004124976517154141
劲儿,-0.004124668435013273
精力,-0.004124668435013273
饭,-0.004118651155953876
门口,-0.004111453845149465
家门口,-0.004111453845149465
大门,-0.004111453845149465
两次,-0.004093567251461969
四次,-0.004093567251461969
三次,-0.004093567251461969
一阵,-0.004093567251461969
一通,-0.004093567251461969
僵尸,-0.00406845630215194
下手,-0.0039963057001597
出发,-0.003995190348088415
装作,-0.003932221346014397
牛奶,-0.003908079074497833
儿,-0.0038548306335250346
老人,-0.0038548306335250346
孩子,-0.0038548306335250346
减,-0.003842519487680815
减少,-0.003842519487680815
上天,-0.0037781445597234523
时蔬,-0.003754662283356698
再说,-0.003738404452690157
适度,-0.0037037037037036535
休息日,-0.0036478231796858857
幻觉,-0.003646812957157783
工,-0.0035811965811965787
雪天,-0.003550093579049271
条款,-0.003541655272992411
备注,-0.0035229211635317004
标题,-0.0035229211635317004
男人,-0.0035150518937462835
地点,-0.003468998583415067
位置,-0.003468998583415067
方向,-0.003468998583415067
长,-0.003406104051265346
一多半,-0.00328787878787877
说辞,-0.0032805745077550408
口碑,-0.003118421052631548
名气,-0.003118421052631548
人气,-0.003118421052631548
声誉,-0.003118421052631548
改成,-0.0031182973106747836
拔丝,-0.003066063864450977
出生,-0.0029953379953379794
身体健康,-0.0029501915708812464
时间,-0.002923681257014546
日子,-0.002923681257014546
逢年过节,-0.002923681257014546
时点,-0.002923681257014546
真空,-0.002923681257014546
人民,-0.0027344602631546658
大众,-0.0027344602631546658
霾,-0.0026821326821326735
味,-0.0026819923371647625
脑子,-0.0026819923371647625
颗,-0.00262737691437967
版本,-0.00262737691437967
疯,-0.0026190476190475834
晕,-0.0026190476190475834
感冒,-0.0026190476190475834
着凉,-0.0026190476190475834
牙疼,-0.0026190476190475834
头晕,-0.0026190476190475834
吐血,-0.0026190476190475834
厥,-0.0026190476190475834
呛,-0.0026190476190475834
中暑,-0.0026190476190475834
咳嗽,-0.0026190476190475834
发麻,-0.0026190476190475834
抽筋,-0.0026190476190475834
发晕,-0.0026190476190475834
酥,-0.0025641025641025272
粗壮,-0.0025641025641025272
清爽,-0.0025641025641025272
软绵绵,-0.0025641025641025272
命根子,-0.002403805964150796
莲子,-0.0023966183574878897
综合,-0.0023809523809523447
散发,-0.0023809523809523447
务,-0.0023809523809523447
忒,-0.002380952380952303
速度,-0.00229227053140095
输赢,-0.0022645563183320283
葱花,-0.0022563246885328736
菜叶,-0.0022563246885328736
小白菜,-0.0022563246885328736
竹笋,-0.0022563246885328736
笋,-0.0022563246885328736
餐车,-0.0022563246885328736
毛豆,-0.0022563246885328736
男子,-0.0022269646723257416
女孩,-0.0022269646723257416
正常,-0.002224627224627254
高度,-0.002224627224627254
人手不足,-0.0021811594202898327
实体,-0.002073188249658825
创业,-0.002060954371299259
碎步,-0.0020531400966183576
姿势,-0.0020531400966183576
鸡,-0.0020306997039114885
身体,-0.0019823421622522375
前途,-0.0019590007627764694
帮,-0.0019136745607333458
碎,-0.0018987210330433796
状元,-0.0018690086215698495
年,-0.0018253968253968134
费劲,-0.0018253968253968134
梦,-0.0018253968253968134
发苦,-0.0018190860006716825
对质,-0.0018190860006716825
发红,-0.0018190860006716825
发黑,-0.0018190860006716825
走时,-0.0018190860006716825
发干,-0.0018190860006716825
号称,-0.0018190860006716825
蔬,-0.0018111492499363335
驼,-0.001809722979935785
守信,-0.0015355835135121496
凸,-0.0014219114219113649
辅料,-0.0013689140446672618
情况,-0.0012089371980676111
状况,-0.0012089371980676111
状态,-0.0012089371980676111
格子,-0.0011841995964810836
箱,-0.0011841995964810836
特色,-0.0010522498625946952
一点儿,-0.001031746031745981
见识,-0.000996168582375473
锅底,-0.0009661835748792091
腔骨,-0.0009661835748792091
骨头,-0.0009661835748792091
鸡蛋,-0.0009661835748792091
楼下,-0.0009661835748792091
双手,-0.0009661835748792091
大肠,-0.0009661835748792091
鸡腿,-0.0009661835748792091
鸡肉,-0.0009661835748792091
鸡翅,-0.0009661835748792091
头发,-0.0009661835748792091
肚子,-0.0009661835748792091
嘴唇,-0.0009661835748792091
一楼,-0.0009661835748792091
下巴,-0.0009661835748792091
底部,-0.0009661835748792091
额,-0.0009661835748792091
底层,-0.0009661835748792091
校门,-0.0009661835748792091
楼上,-0.0009661835748792091
比例,-0.0009661835748792091
肌肉,-0.0009661835748792091
小腿,-0.0009661835748792091
店面,-0.0009661835748792091
筋,-0.0009661835748792091
叶子,-0.0009661835748792091
肉皮,-0.0009661835748792091
绿叶,-0.0009661835748792091
两边,-0.0009661835748792091
驴肉,-0.0009661835748792091
饺子馅,-0.0009661835748792091
饺子皮,-0.0009661835748792091
身上,-0.0009661835748792091
手指,-0.0009661835748792091
高峰,-0.0009661835748792091
床上,-0.0009661835748792091
路上,-0.0009661835748792091
太极,-0.0009661835748792091
要点,-0.0009661835748792091
备注栏,-0.0009661835748792091
网上,-0.0009661835748792091
胃,-0.0009661835748792091
肚,-0.0009661835748792091
籽,-0.0009661835748792091
烟头,-0.0009661835748792091
页面,-0.0009661835748792091
鸡蛋壳,-0.0009661835748792091
脑袋,-0.0009661835748792091
面筋,-0.0009661835748792091
杏仁,-0.0009661835748792091
差价,-0.0009661835748792091
级,-0.0009661835748792091
两端,-0.0009661835748792091
蛋壳,-0.0009661835748792091
指甲盖,-0.0009661835748792091
楼层,-0.0009661835748792091
肠胃,-0.0009661835748792091
楼道,-0.0009661835748792091
南瓜子,-0.0009661835748792091
阳台,-0.0009661835748792091
脸,-0.0009661835748792091
皮带,-0.0009661835748792091
喉,-0.0009661835748792091
屌,-0.0009661835748792091
按键,-0.0009661835748792091
猪皮,-0.0009661835748792091
口吻,-0.0009661835748792091
街上,-0.0009661835748792091
鸡毛,-0.0009661835748792091
果仁,-0.0009661835748792091
按钮,-0.0009661835748792091
脂肪,-0.0009661835748792091
松仁,-0.0009661835748792091
街边,-0.0009661835748792091
路边,-0.0009661835748792091
环节,-0.0009661835748792091
脚,-0.0009661835748792091
玉米粒,-0.0009661835748792091
骨,-0.0009661835748792091
腰子,-0.0009661835748792091
泪,-0.0009661835748792091
手掌,-0.0009661835748792091
电子,-0.0009661835748792091
脖,-0.0009661835748792091
中指,-0.0009661835748792091
眼睛,-0.0009661835748792091
胆汁,-0.0009661835748792091
鸭蛋,-0.0009661835748792091
大梁,-0.0009661835748792091
脊骨,-0.0009661835748792091
情节,-0.0009661835748792091
拳头,-0.0009661835748792091
翅膀,-0.0009661835748792091
鸭肉,-0.0009661835748792091
胗,-0.0009661835748792091
半边,-0.0009661835748792091
鸡巴,-0.0009661835748792091
价差,-0.0009661835748792091
松子,-0.0009661835748792091
湘西,-0.0009661835748792091
胚,-0.0009661835748792091
爪子,-0.0009661835748792091
鱼刺,-0.0009661835748792091
结构,-0.0009661835748792091
帮子,-0.0009661835748792091
枣核,-0.0009661835748792091
眼泪,-0.0009661835748792091
指甲,-0.0009661835748792091
马路边,-0.0009661835748792091
铁门,-0.0009661835748792091
卵,-0.0009661835748792091
脆骨,-0.0009661835748792091
根部,-0.0009661835748792091
房门,-0.0009661835748792091
郊区,-0.0009661835748792091
市中心,-0.0009661835748792091
爪,-0.0009661835748792091
树根,-0.0009661835748792091
竹筒,-0.0009661835748792091
脖子,-0.0009661835748792091
尾部,-0.0009661835748792091
初期,-0.0009661835748792091
锁骨,-0.0009661835748792091
蛋黄,-0.0009661835748792091
头骨,-0.0009661835748792091
毛发,-0.0009661835748792091
屁股,-0.0009661835748792091
路口,-0.0009661835748792091
味蕾,-0.0009661835748792091
蹄子,-0.0009661835748792091
眉毛,-0.0009661835748792091
鸭掌,-0.0009661835748792091
试试,-0.000884173297966355
尝试,-0.000884173297966355
试试看,-0.000884173297966355
再接再厉,-0.000884173297966355
加点,-0.000884173297966355
加班,-0.000884173297966355
试着,-0.000884173297966355
摆样子,-0.000884173297966355
快马加鞭,-0.000884173297966355
忙碌,-0.000884173297966355
响应,-0.000884173297966355
使劲,-0.000884173297966355
偷懒,-0.000884173297966355
参与,-0.000884173297966355
合作,-0.000884173297966355
试一试,-0.000884173297966355
休息,-0.000884173297966355
磨蹭,-0.000884173297966355
重做,-0.000884173297966355
种类,-0.0008837339460350951
品种,-0.0008837339460350951
类,-0.0008837339460350951
模式,-0.0008837339460350951
变,-0.0008516481107816651
经营,-0.000803742357571427
位居,-0.0006869470685260531
线,-0.0006669860127699809
小时,-0.0006587615283267095
单个,-0.000646992803855509
前者,-0.000646992803855509
半小时,-0.0006469928038554812
期间,-0.0006469928038554812
下午,-0.0006469928038554812
冬天,-0.0006469928038554812
晚上,-0.0006469928038554812
今晚,-0.0006469928038554812
几天,-0.0006469928038554812
多年,-0.0006469928038554812
一天,-0.0006469928038554812
中午,-0.0006469928038554812
青春,-0.0006469928038554812
秒,-0.0006469928038554812
人生,-0.0006469928038554812
夏天,-0.0006469928038554812
小时候,-0.0006469928038554812
昨晚,-0.0006469928038554812
夜晚,-0.0006469928038554812
时段,-0.0006469928038554812
上午,-0.0006469928038554812
一生,-0.0006469928038554812
好多天,-0.0006469928038554812
早上,-0.0006469928038554812
夜里,-0.0006469928038554812
月份,-0.0006469928038554812
大半年,-0.0006469928038554812
儿时,-0.0006469928038554812
半生,-0.0006469928038554812
一辈子,-0.0006469928038554812
生平,-0.0006469928038554812
一部分,-0.0006469928038554812
好几十年,-0.0006469928038554812
日期,-0.0006469928038554812
夏日,-0.0006469928038554812
千年,-0.0006469928038554812
凌晨,-0.0006469928038554812
单元,-0.0006469928038554812
童年,-0.0006469928038554812
夜,-0.0006469928038554812
时间段,-0.0006469928038554812
点钟,-0.0006469928038554812
坛,-0.0006152279672103356
多次,-0.0006100999887652808
节奏,-0.0005949065450954472
艰辛,-0.00045646215475432517
地步,-0.00044714077069989144
话,-0.00036833180428018364
人,-0.0003318219720658683
运力,-0.00021739130434784287
信誉,-0.00021739130434784287
竞争力,-0.00021739130434784287
信用,-0.00021739130434784287
饭量,-0.00021739130434784114
食量,-0.00021739130434784114
形状,-0.00021739130434784114
刀功,-0.00021739130434784114
地形,-0.00021739130434784114
卖点,-0.00021739130434784114
笑容,-0.00021739130434784114
能力,-0.00021739130434784114
眼神,-0.00021739130434784114
实用性,-0.00021739130434784114
本事,-0.00021739130434784114
外,-0.0001683501683502342
油条,-0.00016454871293582196
一支,-0.00015338164251206543
从简,-0.00011108208901074862
肠炎,-5.0193219984936976e-05
肠胃炎,-5.0193219984936976e-05
